файл	персонаж	вариант	текст
vecher-u-kostra/kot-uchyonyy_avjcojs7.mp3	Кот учёный		Какую сказку расскажешь?
vecher-u-kostra/rusalka_27k7mgfh.mp3	Русалка		Какую сказку расскажешь?
vecher-u-kostra/kikimora_1sdacj9s.mp3	Кикимора		Какую сказку расскажешь?
vecher-u-kostra/ded_1y6elpnv.mp3	Дед		Какую сказку расскажешь?
vecher-u-kostra/kot-uchyonyy_qm3pfn3o.mp3	Кот учёный		Мур… Что-то ты путаешь. Перечитай Книгу Сказов и приходи.
vecher-u-kostra/rusalka_2e7ptt0k.mp3	Русалка		Хи-хи, ты перепутал! Волны так не шумят.
vecher-u-kostra/kikimora_hvsh7dt4.mp3	Кикимора		Враньё! Я эту сказку знаю, там всё не так.
vecher-u-kostra/ded_2a1sb06m.mp3	Дед		Ась? Что-то не так, внучок. Бабка рассказывала иначе.
vecher-u-kostra/kot-uchyonyy_v1797h4y.mp3	Кот учёный		Мур-р-р! Ты рассказываешь лучше меня. Не говори никому.
vecher-u-kostra/kot-uchyonyy_1a8e9sly.mp3	Кот учёный		Вот это сказ! Даже хвост распушился.
vecher-u-kostra/rusalka_yg25lm0t.mp3	Русалка		Ах, как красиво! Я запою эту сказку волнам.
vecher-u-kostra/rusalka_1cn7rg4j.mp3	Русалка		Ещё, ещё! Нет, лучше потом — я хочу запомнить.
vecher-u-kostra/kikimora_hoi2gmwc.mp3	Кикимора		Хм. Неплохо. Болото даже забулькало от удовольствия.
vecher-u-kostra/kikimora_hnu573ry.mp3	Кикимора		Хи-хи! Ладно, признаю — хорошо рассказываешь.
vecher-u-kostra/ded_29yav8yo.mp3	Дед		Эх, хорошо! Как в детстве, на печи.
vecher-u-kostra/ded_11hsszkc.mp3	Дед		Вот спасибо, уважил старика.
vecher-u-kostra/kot-uchyonyy_ay3s8w14.mp3	Кот учёный		Мур. Ты рассказал мне две сказки — значит, ты настоящий Сказитель. Держи моё перо: им пишутся сказки, а в бою оно делает удар крепче.
vecher-u-kostra/rusalka_yb85w3ms.mp3	Русалка		Ты мне как друг теперь. Возьми жемчужину со дна морского — она бережёт сердце.
vecher-u-kostra/kikimora_daxmlq5v.mp3	Кикимора		Тьфу, расчувствовалась. На вот, болотный огонёк: с ним Сказительский взгляд не так устаёт.
vecher-u-kostra/ded_2cr9ztjx.mp3	Дед		Держи, внучок, семечко от нашей репки. Носи с собой — и силы будут прибывать сами.
vecher-u-kostra/kot-uchyonyy_19e0wsu8.mp3	Кот учёный		Мур? О чём поговорим, Сказитель?
vecher-u-kostra/kot-uchyonyy_2ahy7g2a.mp3	Кот учёный	без «Сказителя»	Мур? О чём поговорим?
vecher-u-kostra/rusalka_on8nx4sa.mp3	Русалка		Ой, Сказитель! Расскажешь мне что-нибудь? Я так люблю сказки…
vecher-u-kostra/rusalka_re3qy5vt.mp3	Русалка	без «Сказителя»	Ой! Расскажешь мне что-нибудь? Я так люблю сказки…
vecher-u-kostra/kikimora_1z6f761z.mp3	Кикимора		Опять ты? Ну, давай, рассказывай. Только чтоб интересно!
vecher-u-kostra/ded_2cw4xjwi.mp3	Дед		А, внучок! Присядь, старику сказку расскажи.
vecher-u-kostra/zhar-ptitsa_29mbdevu.mp3	Жар-птица		Ночь тиха, Сказитель. Я стерегу сказки, пока все спят. Отдохни у костра — Кот расскажет новую.
vecher-u-kostra/zhar-ptitsa_1eg5140j.mp3	Жар-птица	без «Сказителя»	Ночь тиха. Я стерегу сказки, пока все спят. Отдохни у костра — Кот расскажет новую.
vecher-u-kostra/zhar-ptitsa_1dieofog.mp3	Жар-птица		Курлы-ы… Это ты вернул мне перья? Спасибо, Сказитель.
vecher-u-kostra/zhar-ptitsa_4swwk8rh.mp3	Жар-птица	без «Сказителя»	Курлы-ы… Это ты вернул мне перья? Спасибо.
vecher-u-kostra/zhar-ptitsa_2cscu5bi.mp3	Жар-птица		Днём я прячусь в солнце, а ночью облетаю Лукоморье, чтобы сказки не забылись во сне.
vecher-u-kostra/zhar-ptitsa_11xhwz7n.mp3	Жар-птица		Возьми немного моего света.
vecher-u-kostra/kostyor_14rdmg0f.mp3	Костёр		Над Лукоморьем светло. Кот обещал вечером рассказать сказку на ночь.
vecher-u-kostra/kostyor_z8lmbwa3.mp3	Костёр		Трещат угольки, пахнет дымком. Кот учёный уже устроился у огня.
vecher-u-kostra/kot-uchyonyy_17uwegzv.mp3	Кот учёный		Какую рассказать снова?
vecher-u-kostra/kot-uchyonyy_17u12swo.mp3	Кот учёный		Мур-мур, нет-нет. Вспомни-ка получше.
vecher-u-kostra/kot-uchyonyy_a6zqqszp.mp3	Кот учёный		А теперь — спать. Утро вечера мудренее.
vecher-u-kostra/kot-uchyonyy_178uln53.mp3	Кот учёный		У лукоморья дуб зелёный, говоришь? А ну-ка: Что висело на дубе у Лукоморья?
vecher-u-kostra/kot-uchyonyy_c082psqk.mp3	Кот учёный		Репка, говоришь? А ну-ка: Кто помог вытянуть репку последним?
vecher-u-kostra/kot-uchyonyy_1betj1mp.mp3	Кот учёный		По щучьему велению, говоришь? А ну-ка: Какие слова подарила щука?
vecher-u-kostra/kot-uchyonyy_1rwo86ur.mp3	Кот учёный		Колобок, говоришь? А ну-ка: Что сделал Иван, догнав Колобка?
vecher-u-kostra/kot-uchyonyy_183oveut.mp3	Кот учёный		Жар-птица, говоришь? А ну-ка: Сколько перьев Жар-птицы нужно было собрать?
vecher-u-kostra/kot-uchyonyy_14226x0x.mp3	Кот учёный		Леший и рубаха наизнанку, говоришь? А ну-ка: Как не дать Лешему себя запутать?
vecher-u-kostra/kot-uchyonyy_p5hnh0xn.mp3	Кот учёный		Баба-Яга, говоришь? А ну-ка: Что попросил Сказитель у избушки?
vecher-u-kostra/kot-uchyonyy_1gbq5n3g.mp3	Кот учёный		Морозко, говоришь? А ну-ка: Как отвечать Морозко на Тепло ли тебе?
vecher-u-kostra/kot-uchyonyy_yptiiw13.mp3	Кот учёный		Финист — Ясный Сокол, говоришь? А ну-ка: Где томился Финист — Ясный Сокол?
vecher-u-kostra/kot-uchyonyy_9unjdmao.mp3	Кот учёный		Молочные реки, кисельные берега, говоришь? А ну-ка: Как получить помощь Печки, Яблоньки и Речки?
vecher-u-kostra/kot-uchyonyy_6lnwze49.mp3	Кот учёный		Гуси-лебеди, говоришь? А ну-ка: Кого унесли гуси-лебеди?
vecher-u-kostra/kot-uchyonyy_27r0znip.mp3	Кот учёный		Кощей Бессмертный, говоришь? А ну-ка: Где смерть Кощея?
vecher-u-kostra/kot-uchyonyy_flxrrebn.mp3	Кот учёный		Сказитель, говоришь? А ну-ка: Отчего Тридевятое снова ожило?
vecher-u-kostra/kot-uchyonyy_fr9v1qfu.mp3	Кот учёный		Теремок, говоришь? А ну-ка: Кто не поместился в теремке?
vecher-u-kostra/kot-uchyonyy_sgyt22hm.mp3	Кот учёный		Курочка Ряба, говоришь? А ну-ка: Кто разбил золотое яичко?
vecher-u-kostra/kot-uchyonyy_5k002jwj.mp3	Кот учёный		Заюшкина избушка, говоришь? А ну-ка: Кто выгнал лису из заюшкиной избушки?
vecher-u-kostra/kot-uchyonyy_2kdknezp.mp3	Кот учёный		Сивка-Бурка, говоришь? А ну-ка: Как позвать Сивку-Бурку?
vecher-u-kostra/kot-uchyonyy_1h6369yc.mp3	Кот учёный		Царевна-лягушка, говоришь? А ну-ка: Кем обернулась лягушка?
vecher-u-kostra/kot-uchyonyy_sjul2l8i.mp3	Кот учёный		Лиса и журавль, говоришь? А ну-ка: Чем лиса угостила журавля?
vecher-u-kostra/kot-uchyonyy_25bkjtle.mp3	Кот учёный		Морозко и две сестры, говоришь? А ну-ка: Чем наградил Морозко добрую падчерицу?
vecher-u-kostra/kot-uchyonyy_jc1jgxrp.mp3	Кот учёный		Двенадцать месяцев, говоришь? А ну-ка: Кто помог падчерице найти фиалки зимой?
vecher-u-kostra/kot-uchyonyy_xfu0hlk7.mp3	Кот учёный		Садко, говоришь? А ну-ка: На чём играл Садко Морскому царю?
vecher-u-kostra/kot-uchyonyy_1ees9br0.mp3	Кот учёный		Чудо-юдо Рыба-кит, говоришь? А ну-ка: Что разбудило Рыбу-кита?
vecher-u-kostra/kot-uchyonyy_tdxk7q1g.mp3	Кот учёный		Сказка о рыбаке и рыбке, говоришь? А ну-ка: Что первым попросила старуха у рыбки?
vecher-u-kostra/kot-uchyonyy_17wx07oz.mp3	Кот учёный		Сивка-Бурка, вещая каурка, говоришь? А ну-ка: С какой попытки конь допрыгнул до окошка царевны?
vecher-u-kostra/kot-uchyonyy_z5c6s6o8.mp3	Кот учёный		Царевна-лягушка и ковёр-самолёт, говоришь? А ну-ка: Почему не надо было жечь лягушачью кожу?
vecher-u-kostra/kot-uchyonyy_253lj88q.mp3	Кот учёный		Илья Муромец, говоришь? А ну-ка: Что подняло Илью Муромца на ноги?
vecher-u-kostra/kot-uchyonyy_1fuozuz7.mp3	Кот учёный		Змей Горыныч и Калинов мост, говоришь? А ну-ка: Кем оказался Змей Горыныч?
vecher-u-kostra/kot-uchyonyy_2b6ycalb.mp3	Кот учёный		Вершки и корешки, говоришь? А ну-ка: Что посеял мужик, когда медведь выбрал вершки?
vecher-u-kostra/kot-uchyonyy_2706amft.mp3	Кот учёный		Каша из топора, говоришь? А ну-ка: Из чего солдат сварил кашу?
vecher-u-kostra/kot-uchyonyy_1916517a.mp3	Кот учёный		Петушок — золотой гребешок, говоришь? А ну-ка: Чем выманили лису из норы?
vecher-u-kostra/kot-uchyonyy_1r9qz9nm.mp3	Кот учёный		Маша и медведь, говоришь? А ну-ка: Что кричала Маша из короба?
vecher-u-kostra/kot-uchyonyy_1tzr6pwi.mp3	Кот учёный		Волк и семеро козлят, говоришь? А ну-ка: Как козлята узнали волка во второй раз?
vecher-u-kostra/kot-uchyonyy_1gyk4qbm.mp3	Кот учёный		Лиса и волк, говоришь? А ну-ка: Чем лиса велела волку ловить рыбу?
vecher-u-kostra/kot-uchyonyy_e1f8qtmr.mp3	Кот учёный		Зимовье зверей, говоришь? А ну-ка: Из чего построили зимовье?
vecher-u-kostra/kot-uchyonyy_2canlhvm.mp3	Кот учёный		Крошечка-Хаврошечка, говоришь? А ну-ка: Какой глаз забыла убаюкать Хаврошечка в сказке?
vecher-u-kostra/kot-uchyonyy_1y1zko4d.mp3	Кот учёный		Марья Моревна, говоришь? А ну-ка: Чего нельзя было делать по наказу Марьи Моревны?
vecher-u-kostra/kot-uchyonyy_1ar01oe0.mp3	Кот учёный		Илья Муромец и Соловей-разбойник, говоришь? А ну-ка: Чем Соловей-разбойник валил всех с ног?
vecher-u-kostra/kot-uchyonyy_1x3l3cn1.mp3	Кот учёный		Иван-царевич и Серый волк, говоришь? А ну-ка: Как надо было взять Жар-птицу?
vecher-u-kostra/kot-uchyonyy_269msmfo.mp3	Кот учёный		Лиса со скалочкой, говоришь? А ну-ка: Кого хозяева посадили в мешок вместо девочки?
vecher-u-kostra/kot-uchyonyy_1fnjn72p.mp3	Кот учёный		Петушок и бобовое зёрнышко, говоришь? А ну-ка: Чем курочка спасла петушка?
vecher-u-kostra/kot-uchyonyy_orwh9d1u.mp3	Кот учёный		Лиса и тетерев, говоришь? А ну-ка: Чем тетерев напугал лису?
vecher-u-kostra/kot-uchyonyy_1a5dcpbd.mp3	Кот учёный		Журавль и цапля, говоришь? А ну-ка: Чем кончилась сказка о журавле и цапле?
vecher-u-kostra/rusalka_11y44axb.mp3	Русалка		У лукоморья дуб зелёный, говоришь? А ну-ка: Что висело на дубе у Лукоморья?
vecher-u-kostra/rusalka_1tdseved.mp3	Русалка		Репка, говоришь? А ну-ка: Кто помог вытянуть репку последним?
vecher-u-kostra/rusalka_1anxdzb7.mp3	Русалка		По щучьему велению, говоришь? А ну-ка: Какие слова подарила щука?
vecher-u-kostra/rusalka_2exaz3vp.mp3	Русалка		Колобок, говоришь? А ну-ка: Что сделал Иван, догнав Колобка?
vecher-u-kostra/rusalka_1arfcjpy.mp3	Русалка		Жар-птица, говоришь? А ну-ка: Сколько перьев Жар-птицы нужно было собрать?
vecher-u-kostra/rusalka_1gcllstc.mp3	Русалка		Леший и рубаха наизнанку, говоришь? А ну-ка: Как не дать Лешему себя запутать?
vecher-u-kostra/rusalka_atgwrndi.mp3	Русалка		Баба-Яга, говоришь? А ну-ка: Что попросил Сказитель у избушки?
vecher-u-kostra/rusalka_1hvu8ifc.mp3	Русалка		Морозко, говоришь? А ну-ка: Как отвечать Морозко на Тепло ли тебе?
vecher-u-kostra/rusalka_1ihnqkv1.mp3	Русалка		Финист — Ясный Сокол, говоришь? А ну-ка: Где томился Финист — Ясный Сокол?
vecher-u-kostra/rusalka_pqkdzkce.mp3	Русалка		Молочные реки, кисельные берега, говоришь? А ну-ка: Как получить помощь Печки, Яблоньки и Речки?
vecher-u-kostra/rusalka_aud0t6m8.mp3	Русалка		Гуси-лебеди, говоришь? А ну-ка: Кого унесли гуси-лебеди?
vecher-u-kostra/rusalka_fjt6grbp.mp3	Русалка		Кощей Бессмертный, говоришь? А ну-ка: Где смерть Кощея?
vecher-u-kostra/rusalka_ox8x4zay.mp3	Русалка		Сказитель, говоришь? А ну-ка: Отчего Тридевятое снова ожило?
vecher-u-kostra/rusalka_2843zdlt.mp3	Русалка		Теремок, говоришь? А ну-ка: Кто не поместился в теремке?
vecher-u-kostra/rusalka_1swnx83f.mp3	Русалка		Курочка Ряба, говоришь? А ну-ка: Кто разбил золотое яичко?
vecher-u-kostra/rusalka_2a91fbq5.mp3	Русалка		Заюшкина избушка, говоришь? А ну-ка: Кто выгнал лису из заюшкиной избушки?
vecher-u-kostra/rusalka_xvxfvus4.mp3	Русалка		Сивка-Бурка, говоришь? А ну-ка: Как позвать Сивку-Бурку?
vecher-u-kostra/rusalka_xrl1arks.mp3	Русалка		Царевна-лягушка, говоришь? А ну-ка: Кем обернулась лягушка?
vecher-u-kostra/rusalka_eggqyd8s.mp3	Русалка		Лиса и журавль, говоришь? А ну-ка: Чем лиса угостила журавля?
vecher-u-kostra/rusalka_1lriojj4.mp3	Русалка		Морозко и две сестры, говоришь? А ну-ка: Чем наградил Морозко добрую падчерицу?
vecher-u-kostra/rusalka_xlcj63r1.mp3	Русалка		Двенадцать месяцев, говоришь? А ну-ка: Кто помог падчерице найти фиалки зимой?
vecher-u-kostra/rusalka_1atxy35w.mp3	Русалка		Садко, говоришь? А ну-ка: На чём играл Садко Морскому царю?
vecher-u-kostra/rusalka_em506nai.mp3	Русалка		Чудо-юдо Рыба-кит, говоришь? А ну-ка: Что разбудило Рыбу-кита?
vecher-u-kostra/rusalka_12h51uqd.mp3	Русалка		Сказка о рыбаке и рыбке, говоришь? А ну-ка: Что первым попросила старуха у рыбки?
vecher-u-kostra/rusalka_d7ehq2ri.mp3	Русалка		Сивка-Бурка, вещая каурка, говоришь? А ну-ка: С какой попытки конь допрыгнул до окошка царевны?
vecher-u-kostra/rusalka_1zcmv28j.mp3	Русалка		Царевна-лягушка и ковёр-самолёт, говоришь? А ну-ка: Почему не надо было жечь лягушачью кожу?
vecher-u-kostra/rusalka_vnpeszl9.mp3	Русалка		Илья Муромец, говоришь? А ну-ка: Что подняло Илью Муромца на ноги?
vecher-u-kostra/rusalka_1h5wk3o5.mp3	Русалка		Змей Горыныч и Калинов мост, говоришь? А ну-ка: Кем оказался Змей Горыныч?
vecher-u-kostra/rusalka_1r6xc7jw.mp3	Русалка		Вершки и корешки, говоришь? А ну-ка: Что посеял мужик, когда медведь выбрал вершки?
vecher-u-kostra/rusalka_389z64vt.mp3	Русалка		Каша из топора, говоришь? А ну-ка: Из чего солдат сварил кашу?
vecher-u-kostra/rusalka_1d5muanf.mp3	Русалка		Петушок — золотой гребешок, говоришь? А ну-ка: Чем выманили лису из норы?
vecher-u-kostra/rusalka_1fuljlux.mp3	Русалка		Маша и медведь, говоришь? А ну-ка: Что кричала Маша из короба?
vecher-u-kostra/rusalka_1hym7c4x.mp3	Русалка		Волк и семеро козлят, говоришь? А ну-ка: Как козлята узнали волка во второй раз?
vecher-u-kostra/rusalka_2dceb652.mp3	Русалка		Лиса и волк, говоришь? А ну-ка: Чем лиса велела волку ловить рыбу?
vecher-u-kostra/rusalka_1iyxdxkt.mp3	Русалка		Зимовье зверей, говоришь? А ну-ка: Из чего построили зимовье?
vecher-u-kostra/rusalka_18yflrsb.mp3	Русалка		Крошечка-Хаврошечка, говоришь? А ну-ка: Какой глаз забыла убаюкать Хаврошечка в сказке?
vecher-u-kostra/rusalka_1pmcikje.mp3	Русалка		Марья Моревна, говоришь? А ну-ка: Чего нельзя было делать по наказу Марьи Моревны?
vecher-u-kostra/rusalka_syb5owxe.mp3	Русалка		Илья Муромец и Соловей-разбойник, говоришь? А ну-ка: Чем Соловей-разбойник валил всех с ног?
vecher-u-kostra/rusalka_wues7ti7.mp3	Русалка		Иван-царевич и Серый волк, говоришь? А ну-ка: Как надо было взять Жар-птицу?
vecher-u-kostra/rusalka_yy8d8tbf.mp3	Русалка		Лиса со скалочкой, говоришь? А ну-ка: Кого хозяева посадили в мешок вместо девочки?
vecher-u-kostra/rusalka_22c7aceu.mp3	Русалка		Петушок и бобовое зёрнышко, говоришь? А ну-ка: Чем курочка спасла петушка?
vecher-u-kostra/rusalka_98l80a11.mp3	Русалка		Лиса и тетерев, говоришь? А ну-ка: Чем тетерев напугал лису?
vecher-u-kostra/rusalka_11daqslt.mp3	Русалка		Журавль и цапля, говоришь? А ну-ка: Чем кончилась сказка о журавле и цапле?
vecher-u-kostra/kikimora_10ejyasb.mp3	Кикимора		У лукоморья дуб зелёный, говоришь? А ну-ка: Что висело на дубе у Лукоморья?
vecher-u-kostra/kikimora_p7zr5z5u.mp3	Кикимора		Репка, говоришь? А ну-ка: Кто помог вытянуть репку последним?
vecher-u-kostra/kikimora_zlb3oxua.mp3	Кикимора		По щучьему велению, говоришь? А ну-ка: Какие слова подарила щука?
vecher-u-kostra/kikimora_1pkkmxlh.mp3	Кикимора		Колобок, говоришь? А ну-ка: Что сделал Иван, догнав Колобка?
vecher-u-kostra/kikimora_11z2pswx.mp3	Кикимора		Жар-птица, говоришь? А ну-ка: Сколько перьев Жар-птицы нужно было собрать?
vecher-u-kostra/kikimora_1inuxfz9.mp3	Кикимора		Леший и рубаха наизнанку, говоришь? А ну-ка: Как не дать Лешему себя запутать?
vecher-u-kostra/kikimora_24h5osau.mp3	Кикимора		Баба-Яга, говоришь? А ну-ка: Что попросил Сказитель у избушки?
vecher-u-kostra/kikimora_1lff4wl3.mp3	Кикимора		Морозко, говоришь? А ну-ка: Как отвечать Морозко на Тепло ли тебе?
vecher-u-kostra/kikimora_2dpemxbn.mp3	Кикимора		Финист — Ясный Сокол, говоришь? А ну-ка: Где томился Финист — Ясный Сокол?
vecher-u-kostra/kikimora_17d9p7sc.mp3	Кикимора		Молочные реки, кисельные берега, говоришь? А ну-ка: Как получить помощь Печки, Яблоньки и Речки?
vecher-u-kostra/kikimora_1mb3m84e.mp3	Кикимора		Гуси-лебеди, говоришь? А ну-ка: Кого унесли гуси-лебеди?
vecher-u-kostra/kikimora_5v7w4h97.mp3	Кикимора		Кощей Бессмертный, говоришь? А ну-ка: Где смерть Кощея?
vecher-u-kostra/kikimora_rynqllow.mp3	Кикимора		Сказитель, говоришь? А ну-ка: Отчего Тридевятое снова ожило?
vecher-u-kostra/kikimora_2byfvlvv.mp3	Кикимора		Теремок, говоришь? А ну-ка: Кто не поместился в теремке?
vecher-u-kostra/kikimora_fypvru1r.mp3	Кикимора		Курочка Ряба, говоришь? А ну-ка: Кто разбил золотое яичко?
vecher-u-kostra/kikimora_8gck9kz4.mp3	Кикимора		Заюшкина избушка, говоришь? А ну-ка: Кто выгнал лису из заюшкиной избушки?
vecher-u-kostra/kikimora_24v3cf3r.mp3	Кикимора		Сивка-Бурка, говоришь? А ну-ка: Как позвать Сивку-Бурку?
vecher-u-kostra/kikimora_1ju75apa.mp3	Кикимора		Царевна-лягушка, говоришь? А ну-ка: Кем обернулась лягушка?
vecher-u-kostra/kikimora_272gf8t8.mp3	Кикимора		Лиса и журавль, говоришь? А ну-ка: Чем лиса угостила журавля?
vecher-u-kostra/kikimora_2fymks8z.mp3	Кикимора		Морозко и две сестры, говоришь? А ну-ка: Чем наградил Морозко добрую падчерицу?
vecher-u-kostra/kikimora_23apnr09.mp3	Кикимора		Двенадцать месяцев, говоришь? А ну-ка: Кто помог падчерице найти фиалки зимой?
vecher-u-kostra/kikimora_txfm0rao.mp3	Кикимора		Садко, говоришь? А ну-ка: На чём играл Садко Морскому царю?
vecher-u-kostra/kikimora_1wqkqe77.mp3	Кикимора		Чудо-юдо Рыба-кит, говоришь? А ну-ка: Что разбудило Рыбу-кита?
vecher-u-kostra/kikimora_wf8sjr7h.mp3	Кикимора		Сказка о рыбаке и рыбке, говоришь? А ну-ка: Что первым попросила старуха у рыбки?
vecher-u-kostra/kikimora_1b1z22yk.mp3	Кикимора		Сивка-Бурка, вещая каурка, говоришь? А ну-ка: С какой попытки конь допрыгнул до окошка царевны?
vecher-u-kostra/kikimora_f8i46i6o.mp3	Кикимора		Царевна-лягушка и ковёр-самолёт, говоришь? А ну-ка: Почему не надо было жечь лягушачью кожу?
vecher-u-kostra/kikimora_y3umccy3.mp3	Кикимора		Илья Муромец, говоришь? А ну-ка: Что подняло Илью Муромца на ноги?
vecher-u-kostra/kikimora_y5ktwr2l.mp3	Кикимора		Змей Горыныч и Калинов мост, говоришь? А ну-ка: Кем оказался Змей Горыныч?
vecher-u-kostra/kikimora_hxext871.mp3	Кикимора		Вершки и корешки, говоришь? А ну-ка: Что посеял мужик, когда медведь выбрал вершки?
vecher-u-kostra/kikimora_wfpojat2.mp3	Кикимора		Каша из топора, говоришь? А ну-ка: Из чего солдат сварил кашу?
vecher-u-kostra/kikimora_cjmfcb1p.mp3	Кикимора		Петушок — золотой гребешок, говоришь? А ну-ка: Чем выманили лису из норы?
vecher-u-kostra/kikimora_1a5tyn16.mp3	Кикимора		Маша и медведь, говоришь? А ну-ка: Что кричала Маша из короба?
vecher-u-kostra/kikimora_27tklg37.mp3	Кикимора		Волк и семеро козлят, говоришь? А ну-ка: Как козлята узнали волка во второй раз?
vecher-u-kostra/kikimora_26xqrsnh.mp3	Кикимора		Лиса и волк, говоришь? А ну-ка: Чем лиса велела волку ловить рыбу?
vecher-u-kostra/kikimora_26cvcsfv.mp3	Кикимора		Зимовье зверей, говоришь? А ну-ка: Из чего построили зимовье?
vecher-u-kostra/kikimora_kf00ms2s.mp3	Кикимора		Крошечка-Хаврошечка, говоришь? А ну-ка: Какой глаз забыла убаюкать Хаврошечка в сказке?
vecher-u-kostra/kikimora_jpanlszg.mp3	Кикимора		Марья Моревна, говоришь? А ну-ка: Чего нельзя было делать по наказу Марьи Моревны?
vecher-u-kostra/kikimora_1dl0e8fm.mp3	Кикимора		Илья Муромец и Соловей-разбойник, говоришь? А ну-ка: Чем Соловей-разбойник валил всех с ног?
vecher-u-kostra/kikimora_1jxput3s.mp3	Кикимора		Иван-царевич и Серый волк, говоришь? А ну-ка: Как надо было взять Жар-птицу?
vecher-u-kostra/kikimora_2cw45c5m.mp3	Кикимора		Лиса со скалочкой, говоришь? А ну-ка: Кого хозяева посадили в мешок вместо девочки?
vecher-u-kostra/kikimora_8vlfc9tq.mp3	Кикимора		Петушок и бобовое зёрнышко, говоришь? А ну-ка: Чем курочка спасла петушка?
vecher-u-kostra/kikimora_1d9lwhpn.mp3	Кикимора		Лиса и тетерев, говоришь? А ну-ка: Чем тетерев напугал лису?
vecher-u-kostra/kikimora_5gwhp2po.mp3	Кикимора		Журавль и цапля, говоришь? А ну-ка: Чем кончилась сказка о журавле и цапле?
vecher-u-kostra/ded_hpauyap6.mp3	Дед		У лукоморья дуб зелёный, говоришь? А ну-ка: Что висело на дубе у Лукоморья?
vecher-u-kostra/ded_q9kuxq1p.mp3	Дед		Репка, говоришь? А ну-ка: Кто помог вытянуть репку последним?
vecher-u-kostra/ded_1fw6bazy.mp3	Дед		По щучьему велению, говоришь? А ну-ка: Какие слова подарила щука?
vecher-u-kostra/ded_42lvc7pd.mp3	Дед		Колобок, говоришь? А ну-ка: Что сделал Иван, догнав Колобка?
vecher-u-kostra/ded_12s13ai9.mp3	Дед		Жар-птица, говоришь? А ну-ка: Сколько перьев Жар-птицы нужно было собрать?
vecher-u-kostra/ded_r1cpkxhr.mp3	Дед		Леший и рубаха наизнанку, говоришь? А ну-ка: Как не дать Лешему себя запутать?
vecher-u-kostra/ded_19t1pbuv.mp3	Дед		Баба-Яга, говоришь? А ну-ка: Что попросил Сказитель у избушки?
vecher-u-kostra/ded_1r84qsta.mp3	Дед		Морозко, говоришь? А ну-ка: Как отвечать Морозко на Тепло ли тебе?
vecher-u-kostra/ded_112ldng3.mp3	Дед		Финист — Ясный Сокол, говоришь? А ну-ка: Где томился Финист — Ясный Сокол?
vecher-u-kostra/ded_243a2bv7.mp3	Дед		Молочные реки, кисельные берега, говоришь? А ну-ка: Как получить помощь Печки, Яблоньки и Речки?
vecher-u-kostra/ded_27i2mkio.mp3	Дед		Гуси-лебеди, говоришь? А ну-ка: Кого унесли гуси-лебеди?
vecher-u-kostra/ded_166x9avc.mp3	Дед		Кощей Бессмертный, говоришь? А ну-ка: Где смерть Кощея?
vecher-u-kostra/ded_sa1gp1z1.mp3	Дед		Сказитель, говоришь? А ну-ка: Отчего Тридевятое снова ожило?
vecher-u-kostra/ded_1gxs4375.mp3	Дед		Теремок, говоришь? А ну-ка: Кто не поместился в теремке?
vecher-u-kostra/ded_2ekbv6w9.mp3	Дед		Курочка Ряба, говоришь? А ну-ка: Кто разбил золотое яичко?
vecher-u-kostra/ded_2em3bejz.mp3	Дед		Заюшкина избушка, говоришь? А ну-ка: Кто выгнал лису из заюшкиной избушки?
vecher-u-kostra/ded_gnhh2oo2.mp3	Дед		Сивка-Бурка, говоришь? А ну-ка: Как позвать Сивку-Бурку?
vecher-u-kostra/ded_v38lhzk6.mp3	Дед		Царевна-лягушка, говоришь? А ну-ка: Кем обернулась лягушка?
vecher-u-kostra/ded_2ftevy06.mp3	Дед		Лиса и журавль, говоришь? А ну-ка: Чем лиса угостила журавля?
vecher-u-kostra/ded_29ii27b4.mp3	Дед		Морозко и две сестры, говоришь? А ну-ка: Чем наградил Морозко добрую падчерицу?
vecher-u-kostra/ded_ed7ym59o.mp3	Дед		Двенадцать месяцев, говоришь? А ну-ка: Кто помог падчерице найти фиалки зимой?
vecher-u-kostra/ded_1qw2xhv1.mp3	Дед		Садко, говоришь? А ну-ка: На чём играл Садко Морскому царю?
vecher-u-kostra/ded_1em1d14j.mp3	Дед		Чудо-юдо Рыба-кит, говоришь? А ну-ка: Что разбудило Рыбу-кита?
vecher-u-kostra/ded_a4eoq0l6.mp3	Дед		Сказка о рыбаке и рыбке, говоришь? А ну-ка: Что первым попросила старуха у рыбки?
vecher-u-kostra/ded_gmjwxduv.mp3	Дед		Сивка-Бурка, вещая каурка, говоришь? А ну-ка: С какой попытки конь допрыгнул до окошка царевны?
vecher-u-kostra/ded_skse6umh.mp3	Дед		Царевна-лягушка и ковёр-самолёт, говоришь? А ну-ка: Почему не надо было жечь лягушачью кожу?
vecher-u-kostra/ded_ckrkx6t7.mp3	Дед		Илья Муромец, говоришь? А ну-ка: Что подняло Илью Муромца на ноги?
vecher-u-kostra/ded_1xdpthyq.mp3	Дед		Змей Горыныч и Калинов мост, говоришь? А ну-ка: Кем оказался Змей Горыныч?
vecher-u-kostra/ded_263gmrsm.mp3	Дед		Вершки и корешки, говоришь? А ну-ка: Что посеял мужик, когда медведь выбрал вершки?
vecher-u-kostra/ded_29f9ozki.mp3	Дед		Каша из топора, говоришь? А ну-ка: Из чего солдат сварил кашу?
vecher-u-kostra/ded_gbfaah5g.mp3	Дед		Петушок — золотой гребешок, говоришь? А ну-ка: Чем выманили лису из норы?
vecher-u-kostra/ded_25ag5c5k.mp3	Дед		Маша и медведь, говоришь? А ну-ка: Что кричала Маша из короба?
vecher-u-kostra/ded_1slpqfof.mp3	Дед		Волк и семеро козлят, говоришь? А ну-ка: Как козлята узнали волка во второй раз?
vecher-u-kostra/ded_11q1r79a.mp3	Дед		Лиса и волк, говоришь? А ну-ка: Чем лиса велела волку ловить рыбу?
vecher-u-kostra/ded_1kim680z.mp3	Дед		Зимовье зверей, говоришь? А ну-ка: Из чего построили зимовье?
vecher-u-kostra/ded_hq99edu6.mp3	Дед		Крошечка-Хаврошечка, говоришь? А ну-ка: Какой глаз забыла убаюкать Хаврошечка в сказке?
vecher-u-kostra/ded_1r2c0g4j.mp3	Дед		Марья Моревна, говоришь? А ну-ка: Чего нельзя было делать по наказу Марьи Моревны?
vecher-u-kostra/ded_1c32y8q6.mp3	Дед		Илья Муромец и Соловей-разбойник, говоришь? А ну-ка: Чем Соловей-разбойник валил всех с ног?
vecher-u-kostra/ded_118ibxfr.mp3	Дед		Иван-царевич и Серый волк, говоришь? А ну-ка: Как надо было взять Жар-птицу?
vecher-u-kostra/ded_cjbz3fby.mp3	Дед		Лиса со скалочкой, говоришь? А ну-ка: Кого хозяева посадили в мешок вместо девочки?
vecher-u-kostra/ded_165gpneh.mp3	Дед		Петушок и бобовое зёрнышко, говоришь? А ну-ка: Чем курочка спасла петушка?
vecher-u-kostra/ded_13av9f8m.mp3	Дед		Лиса и тетерев, говоришь? А ну-ка: Чем тетерев напугал лису?
vecher-u-kostra/ded_19bgep6l.mp3	Дед		Журавль и цапля, говоришь? А ну-ка: Чем кончилась сказка о журавле и цапле?
vecher-u-kostra/kot-uchyonyy_28jxznjn.mp3	Кот учёный		Мур-р… Слушай сказку на ночь — Теремок. А ты подсказывай, что было дальше.
vecher-u-kostra/kot-uchyonyy_12tjsznf.mp3	Кот учёный		Мур… Вот и сказке конец. Места хватит всем, если строить вместе.
vecher-u-kostra/kot-uchyonyy_1fy5cozb.mp3	Кот учёный		Стоит в поле теремок. Он не низок, не высок…
vecher-u-kostra/kot-uchyonyy_24uxjbp4.mp3	Кот учёный		Бежала мимо мышка-норушка: Терем-теремок! Кто в тереме живёт? Никто не отзывается. Стала мышка в теремке жить.
vecher-u-kostra/kot-uchyonyy_1mccdarn.mp3	Кот учёный		Прискакала к теремку… кто?
vecher-u-kostra/kot-uchyonyy_2e8l7fuj.mp3	Кот учёный		Я мышка-норушка, а ты кто? — А я лягушка-квакушка. — Иди ко мне жить!
vecher-u-kostra/kot-uchyonyy_otcsgfpk.mp3	Кот учёный		Мур, подскажу: Лягушка-квакушка.
vecher-u-kostra/kot-uchyonyy_1cwnzw42.mp3	Кот учёный		Бежит мимо… кто?
vecher-u-kostra/kot-uchyonyy_1fyzgshy.mp3	Кот учёный		Мур, подскажу: Зайчик-побегайчик.
vecher-u-kostra/kot-uchyonyy_1cn6zum9.mp3	Кот учёный		А потом пришла…
vecher-u-kostra/kot-uchyonyy_2b5gh5t1.mp3	Кот учёный		Мур, подскажу: Лисичка-сестричка.
vecher-u-kostra/kot-uchyonyy_255kefld.mp3	Кот учёный		За ней прибежал…
vecher-u-kostra/kot-uchyonyy_13kbteeg.mp3	Кот учёный		Живут они впятером, песни поют. Вдруг идёт медведь косолапый…
vecher-u-kostra/kot-uchyonyy_2584iibw.mp3	Кот учёный		Мур, подскажу: Волчок — серый бочок.
vecher-u-kostra/kot-uchyonyy_2wa8ddjb.mp3	Кот учёный		Терем-теремок! Кто в тереме живёт? — А ты кто? — А я медведь, всех давишь!
vecher-u-kostra/kot-uchyonyy_1kiv1u5p.mp3	Кот учёный		Полез медведь в теремок — и что случилось?
vecher-u-kostra/kot-uchyonyy_12qj86ff.mp3	Кот учёный		Мур, подскажу: Раздавил теремок.
vecher-u-kostra/kot-uchyonyy_251b1but.mp3	Кот учёный		Что же сделали звери?
vecher-u-kostra/kot-uchyonyy_1gwk7ydk.mp3	Кот учёный		Еле-еле успели выскочить. А потом взяли брёвна, напилили досок — и выстроили новый терем, лучше прежнего!
vecher-u-kostra/kot-uchyonyy_9xnre6ny.mp3	Кот учёный		Мур, подскажу: Построили новый теремок — больше прежнего.
vecher-u-kostra/kot-uchyonyy_28hjb5bm.mp3	Кот учёный		Мур-р… Слушай сказку на ночь — Курочка Ряба. А ты подсказывай, что было дальше.
vecher-u-kostra/kot-uchyonyy_4vbavbaa.mp3	Кот учёный		Мур. Простое — не значит хуже. Самое дорогое то, что рядом каждый день.
vecher-u-kostra/kot-uchyonyy_25pfuabo.mp3	Кот учёный		Жили-были дед да баба, и была у них курочка Ряба.
vecher-u-kostra/kot-uchyonyy_1do298x4.mp3	Кот учёный		Снесла курочка яичко — да не простое, а золотое.
vecher-u-kostra/kot-uchyonyy_1r489gw6.mp3	Кот учёный		Дед бил-бил — не разбил. Баба била-била — не разбила. Кто же разбил?
vecher-u-kostra/kot-uchyonyy_145l74wk.mp3	Кот учёный		Яичко упало и разбилось. Плачет дед, плачет баба.
vecher-u-kostra/kot-uchyonyy_1ti3r9as.mp3	Кот учёный		Мур, подскажу: Мышка бежала, хвостиком махнула.
vecher-u-kostra/kot-uchyonyy_19iaaztw.mp3	Кот учёный		А что сказала курочка?
vecher-u-kostra/kot-uchyonyy_are8shhu.mp3	Кот учёный		Не плачь, дед, не плачь, баба: снесу вам яичко не золотое — простое!
vecher-u-kostra/kot-uchyonyy_1v9hh3w7.mp3	Кот учёный		Мур, подскажу: Снесу вам яичко простое.
vecher-u-kostra/kot-uchyonyy_1pexfe5d.mp3	Кот учёный		Мур-р… Слушай сказку на ночь — Заюшкина избушка. А ты подсказывай, что было дальше.
vecher-u-kostra/kot-uchyonyy_nru3fwdt.mp3	Кот учёный		Мур. Смел не тот, кто силён, а тот, кто за друга стоит.
vecher-u-kostra/kot-uchyonyy_nelhwel3.mp3	Кот учёный		Жили-были лиса да заяц. У лисы избушка ледяная, у зайчика — лубяная.
vecher-u-kostra/kot-uchyonyy_18h2a2jb.mp3	Кот учёный		Пришла весна. Что стало с избушкой лисы?
vecher-u-kostra/kot-uchyonyy_1xlet4js.mp3	Кот учёный		Попросилась лиса к зайчику погреться — да его же и выгнала. Идёт заяц, плачет.
vecher-u-kostra/kot-uchyonyy_26ai4uo3.mp3	Кот учёный		Мур, подскажу: Растаяла.
vecher-u-kostra/kot-uchyonyy_uo4keag0.mp3	Кот учёный		Кто первым взялся помочь зайчику?
vecher-u-kostra/kot-uchyonyy_1uv1lkhc.mp3	Кот учёный		Гав-гав! Пойди, лиса, вон! А лиса с печи: Как выскочу, как выпрыгну — пойдут клочки по закоулочкам! Испугались собаки, убежали.
vecher-u-kostra/kot-uchyonyy_1mr8t0rp.mp3	Кот учёный		Мур, подскажу: Собаки.
vecher-u-kostra/kot-uchyonyy_pkw874q8.mp3	Кот учёный		Кто пришёл потом — и тоже испугался?
vecher-u-kostra/kot-uchyonyy_wm9bso6r.mp3	Кот учёный		И медведь убежал, и бык убежал. Сидит зайчик под кустом, плачет.
vecher-u-kostra/kot-uchyonyy_16fujf11.mp3	Кот учёный		Мур, подскажу: Медведь, а за ним бык.
vecher-u-kostra/kot-uchyonyy_5zqyqyk3.mp3	Кот учёный		А кто не побоялся и прогнал лису?
vecher-u-kostra/kot-uchyonyy_1iq0vqx1.mp3	Кот учёный		Ку-ка-реку! Несу косу на плечи, хочу лису посечи! Испугалась лиса — и убежала. А зайчик с петухом стали жить-поживать.
vecher-u-kostra/kot-uchyonyy_1iglzujw.mp3	Кот учёный		Мур, подскажу: Петух с косой.
vecher-u-kostra/kot-uchyonyy_54rv33x9.mp3	Кот учёный		Мур-р… Слушай сказку на ночь — Лиса и журавль. А ты подсказывай, что было дальше.
vecher-u-kostra/kot-uchyonyy_1cj8qz5i.mp3	Кот учёный		Мур. Угощай друга так, чтобы и ему было удобно.
vecher-u-kostra/kot-uchyonyy_1itaz50h.mp3	Кот учёный		Подружилась лиса с журавлём и позвала его в гости.
vecher-u-kostra/kot-uchyonyy_1uaxse0s.mp3	Кот учёный		Чем угостила лиса журавля?
vecher-u-kostra/kot-uchyonyy_13y38rzj.mp3	Кот учёный		Журавль стучит-стучит носом по тарелке — ничего не склюёт. А лиса всю кашу сама слизала.
vecher-u-kostra/kot-uchyonyy_wahbc0ca.mp3	Кот учёный		Мур, подскажу: Кашей, размазанной по тарелке.
vecher-u-kostra/kot-uchyonyy_txt4f1kn.mp3	Кот учёный		Чем ответил журавль, когда позвал лису к себе?
vecher-u-kostra/kot-uchyonyy_4a2btutp.mp3	Кот учёный		Лиса вертится вокруг кувшина — ни лизнуть, ни понюхать. А журавль клюёт себе да клюёт.
vecher-u-kostra/kot-uchyonyy_1lkrz1fz.mp3	Кот учёный		Мур, подскажу: Окрошкой в кувшине с узким горлышком.
vecher-u-kostra/kot-uchyonyy_29pn14sk.mp3	Кот учёный		Чем кончилась их дружба?
vecher-u-kostra/kot-uchyonyy_1i5o15nd.mp3	Кот учёный		С тех пор и дружба у лисы с журавлём врозь.
vecher-u-kostra/kot-uchyonyy_1o8vb7zx.mp3	Кот учёный		Мур, подскажу: Как аукнулось, так и откликнулось.
vecher-u-kostra/kot-uchyonyy_dz9pyjtq.mp3	Кот учёный		Мур-р… Слушай сказку на ночь — Сивка-Бурка. А ты подсказывай, что было дальше.
vecher-u-kostra/kot-uchyonyy_27u8vfr2.mp3	Кот учёный		Мур. Доброе сердце и верное слово сильнее насмешек.
vecher-u-kostra/kot-uchyonyy_xr2srm4r.mp3	Кот учёный		Перед смертью отец велел сыновьям три ночи стеречь его могилу. Старшие испугались, а пошёл младший — Иванушка-дурачок.
vecher-u-kostra/kot-uchyonyy_2c5nxrks.mp3	Кот учёный		В полночь пришёл чудесный конь. Какими словами его зовут?
vecher-u-kostra/kot-uchyonyy_1i1ammfb.mp3	Кот учёный		Влез Иван коню в одно ухо, а из другого вылез — да таким молодцем, что ни в сказке сказать, ни пером описать!
vecher-u-kostra/kot-uchyonyy_u6sbh865.mp3	Кот учёный		Мур, подскажу: Сивка-бурка, вещая каурка, встань передо мной, как лист перед травой!.
vecher-u-kostra/kot-uchyonyy_y51n2rfu.mp3	Кот учёный		А царь объявил: кто на коне допрыгнет до высокого терема и поцелует царевну в окошке — тот на ней и женится.
vecher-u-kostra/kot-uchyonyy_5gcuerbt.mp3	Кот учёный		С какой попытки допрыгнул Иван до окошка?
vecher-u-kostra/kot-uchyonyy_4z8mjmjv.mp3	Кот учёный		Раз — не допрыгнул, два — чуть-чуть, а на третий раз — до самого окошка! Поцеловал царевну, а она приложила ему ко лбу свой перстень.
vecher-u-kostra/kot-uchyonyy_wkp4qpug.mp3	Кот учёный		Мур, подскажу: С третьей.
vecher-u-kostra/kot-uchyonyy_1fhtkj16.mp3	Кот учёный		Как царевна узнала Ивана на пиру?
vecher-u-kostra/kot-uchyonyy_1pdktwsz.mp3	Кот учёный		Братья смеялись над дурачком, а царевна сразу увидела печать — и сыграли весёлую свадьбу.
vecher-u-kostra/kot-uchyonyy_1g9e4bkn.mp3	Кот учёный		Мур, подскажу: По печати от перстня на лбу.
vecher-u-kostra/kot-uchyonyy_1btd5oms.mp3	Кот учёный		Мур-р… Слушай сказку на ночь — Царевна-лягушка. А ты подсказывай, что было дальше.
vecher-u-kostra/kot-uchyonyy_1zu0zh8c.mp3	Кот учёный		Мур. Не по виду судят — по делам. И не торопи чудо: оно приходит в своё время.
vecher-u-kostra/kot-uchyonyy_l9vbajgg.mp3	Кот учёный		Велел царь трём сыновьям пустить по стреле: куда упадёт стрела — там и невесту искать.
vecher-u-kostra/kot-uchyonyy_184q2gcq.mp3	Кот учёный		Куда упала стрела Ивана-царевича?
vecher-u-kostra/kot-uchyonyy_qrsmaco8.mp3	Кот учёный		Квак! Возьми меня замуж, Иван-царевич. Делать нечего — взял он лягушку.
vecher-u-kostra/kot-uchyonyy_1c6o6s3o.mp3	Кот учёный		Мур, подскажу: В болото, к лягушке.
vecher-u-kostra/kot-uchyonyy_1ueojvvi.mp3	Кот учёный		Что лягушка испекла царю за одну ночь?
vecher-u-kostra/kot-uchyonyy_u8bebdfz.mp3	Кот учёный		Мур, подскажу: Пышный белый каравай.
vecher-u-kostra/kot-uchyonyy_1q0gf8ny.mp3	Кот учёный		На пиру лягушка обернулась Василисой Премудрой: махнула левым рукавом — разлилось озеро, махнула правым — поплыли белые лебеди.
vecher-u-kostra/kot-uchyonyy_13d1lue5.mp3	Кот учёный		Что натворил Иван, пока Василиса плясала?
vecher-u-kostra/kot-uchyonyy_xp0fgyq9.mp3	Кот учёный		И пропала Василиса: Ищи меня за тридевять земель, в царстве Кощея Бессмертного…
vecher-u-kostra/kot-uchyonyy_s77bidl1.mp3	Кот учёный		Мур, подскажу: Сжёг лягушачью кожу.
vecher-u-kostra/kot-uchyonyy_2bh97vw3.mp3	Кот учёный		Чем кончилась сказка?
vecher-u-kostra/kot-uchyonyy_vvcxsgzk.mp3	Кот учёный		Добрые звери помогли ему, достал он Кощееву смерть — и вернулся домой с Василисой. Тут и сказке конец!
vecher-u-kostra/kot-uchyonyy_kr5t8p3u.mp3	Кот учёный		Мур, подскажу: Иван нашёл Василису и одолел Кощея.
vecher-u-kostra/kot-uchyonyy_1pm72gtb.mp3	Кот учёный		Мур-р… Слушай сказку на ночь — Морозко и две сестры. А ты подсказывай, что было дальше.
vecher-u-kostra/kot-uchyonyy_n6yobvue.mp3	Кот учёный		Мур. Доброе слово и терпение греют лучше любой шубы.
vecher-u-kostra/kot-uchyonyy_cft63iti.mp3	Кот учёный		Жила-была мачеха, и было у неё две девушки: падчерица — работящая да добрая, и родная дочка — ленивая да капризная.
vecher-u-kostra/kot-uchyonyy_1zq1r6p6.mp3	Кот учёный		Невзлюбила мачеха падчерицу и велела старику отвезти её в зимний лес и оставить под ёлкой.
vecher-u-kostra/kot-uchyonyy_18ogbliq.mp3	Кот учёный		Пришёл Морозко, потрескивает, пощёлкивает: Тепло ли тебе, девица? Что ответила падчерица?
vecher-u-kostra/kot-uchyonyy_rkvd5qzo.mp3	Кот учёный		Пожалел её Морозко, укутал в шубу, одарил сундуком с приданым.
vecher-u-kostra/kot-uchyonyy_22frqvsw.mp3	Кот учёный		Мур, подскажу: Тепло, Морозушко, тепло, батюшка.
vecher-u-kostra/kot-uchyonyy_2d3uozw8.mp3	Кот учёный		Что увидел старик, когда приехал за дочкой?
vecher-u-kostra/kot-uchyonyy_r33oadqk.mp3	Кот учёный		Обрадовался старик, привёз падчерицу домой. А собачка под столом тявкает: Тяф-тяф! Стариковой дочке в золоте ходить!
vecher-u-kostra/kot-uchyonyy_11xdzaru.mp3	Кот учёный		Мур, подскажу: Румяную девицу в шубе, с сундуком.
vecher-u-kostra/kot-uchyonyy_3dn3bvte.mp3	Кот учёный		Позавидовала мачеха и отправила в лес родную дочку. Что та ответила Морозко?
vecher-u-kostra/kot-uchyonyy_r0859ce1.mp3	Кот учёный		Рассердился Морозко — и не дал ей ни шубы, ни сундука. Вернулась она домой ни с чем, дрожа от холода.
vecher-u-kostra/kot-uchyonyy_1u2ca88t.mp3	Кот учёный		Мур, подскажу: Убирайся, мне и так холодно!.
vecher-u-kostra/kot-uchyonyy_13bua0ha.mp3	Кот учёный		Чему научилась мачехина дочка?
vecher-u-kostra/kot-uchyonyy_4zlbh0w9.mp3	Кот учёный		С той поры, говорят, и она стала вежливой. А падчерица вышла замуж и жила припеваючи.
vecher-u-kostra/kot-uchyonyy_22ec5atk.mp3	Кот учёный		Мур, подскажу: Что грубостью добра не получишь.
vecher-u-kostra/kot-uchyonyy_23zivvad.mp3	Кот учёный		Мур-р… Слушай сказку на ночь — Двенадцать месяцев. А ты подсказывай, что было дальше.
vecher-u-kostra/kot-uchyonyy_26dso23g.mp3	Кот учёный		Мур. Всему своё время: кто чтит порядок мира, тому и мир поможет.
vecher-u-kostra/kot-uchyonyy_1xbvtc41.mp3	Кот учёный		Посреди зимы, в лютый январь, злая мачеха послала падчерицу в лес: Принеси фиалок — не вернёшься без них!
vecher-u-kostra/kot-uchyonyy_x27j0pqo.mp3	Кот учёный		Шла девочка по сугробам и увидела на поляне большой костёр, а вокруг сидят двенадцать братьев — двенадцать месяцев.
vecher-u-kostra/kot-uchyonyy_11kk28gl.mp3	Кот учёный		Кто из братьев взял посох и уступил место весне?
vecher-u-kostra/kot-uchyonyy_1ysao0to.mp3	Кот учёный		Махнул Март посохом — растаял снег, и на поляне расцвели фиалки!
vecher-u-kostra/kot-uchyonyy_1uvnf8uq.mp3	Кот учёный		Мур, подскажу: Старший брат Январь — передал посох Марту.
vecher-u-kostra/kot-uchyonyy_u4w6xdgk.mp3	Кот учёный		Потом мачеха потребовала земляники. Какой месяц помог?
vecher-u-kostra/kot-uchyonyy_1owxem8t.mp3	Кот учёный		Июнь махнул посохом — и поляна покраснела от земляники. А потом Сентябрь дал ей румяных яблок.
vecher-u-kostra/kot-uchyonyy_m13x36ox.mp3	Кот учёный		Мур, подскажу: Июнь.
vecher-u-kostra/kot-uchyonyy_1a6uwld4.mp3	Кот учёный		Мачеха с дочкой сами пошли к костру и грубо потребовали всего сразу. Что случилось?
vecher-u-kostra/kot-uchyonyy_sxj9f9zs.mp3	Кот учёный		Замело их метелью, долго плутали они по лесу и вернулись домой — притихшие и уже не такие сердитые.
vecher-u-kostra/kot-uchyonyy_11opnydl.mp3	Кот учёный		Мур, подскажу: Январь махнул рукавом — и началась метель.
vecher-u-kostra/kot-uchyonyy_1465ng1d.mp3	Кот учёный		А что получила падчерица?
vecher-u-kostra/kot-uchyonyy_2fbgawt8.mp3	Кот учёный		С тех пор у её крыльца первыми в округе распускаются цветы. Вот и сказке конец.
vecher-u-kostra/kot-uchyonyy_tc94sxzi.mp3	Кот учёный		Мур, подскажу: Месяцы стали ей друзьями и каждую весну приходили в гости.
vecher-u-kostra/kot-uchyonyy_24myvomi.mp3	Кот учёный		Мур-р… Слушай сказку на ночь — Лиса со скалочкой. А ты подсказывай, что было дальше.
vecher-u-kostra/kot-uchyonyy_sdd2msr8.mp3	Кот учёный		Мур. Кто хитростью наживается, тот на хитрость и нарвётся.
vecher-u-kostra/kot-uchyonyy_hr0hsf9b.mp3	Кот учёный		Шла лиса по дорожке и нашла скалочку. Подняла и пошла дальше.
vecher-u-kostra/kot-uchyonyy_16wgnqfa.mp3	Кот учёный		Пришла в деревню, постучалась: Пустите переночевать, а скалочку мою положите к курочкам. А ночью лиса скалочку в печку бросила.
vecher-u-kostra/kot-uchyonyy_frdwpdb8.mp3	Кот учёный		Утром лиса кричит: Где моя скалочка? Отдавайте за неё… Что?
vecher-u-kostra/kot-uchyonyy_24tpxdfn.mp3	Кот учёный		Мур, подскажу: Курочку.
vecher-u-kostra/kot-uchyonyy_1uiyrxcg.mp3	Кот учёный		В другой избе лиса курочку потеряла. Что потребовала взамен?
vecher-u-kostra/kot-uchyonyy_21cybt27.mp3	Кот учёный		Мур, подскажу: Гусочку.
vecher-u-kostra/kot-uchyonyy_5xsjheu8.mp3	Кот учёный		Так лиса меняла да меняла и потребовала девочку. Кого хозяева посадили в мешок вместо девочки?
vecher-u-kostra/kot-uchyonyy_y6c1fcvj.mp3	Кот учёный		Развязала лиса мешок — а оттуда собака как выскочит! Лиса — бежать, только хвост мелькнул.
vecher-u-kostra/kot-uchyonyy_1kyexjvb.mp3	Кот учёный		Мур, подскажу: Злую собаку.
vecher-u-kostra/kot-uchyonyy_1gujtrpt.mp3	Кот учёный		Мур-р… Слушай сказку на ночь — Петушок и бобовое зёрнышко. А ты подсказывай, что было дальше.
vecher-u-kostra/kot-uchyonyy_1n0wc2fj.mp3	Кот учёный		Мур. Не спеши — подавишься. А друг в беде и через три двора добежит.
vecher-u-kostra/kot-uchyonyy_14ma2sih.mp3	Кот учёный		Жили-были петушок и курочка. Петушок всё торопился, клевал зёрнышки впопыхах…
vecher-u-kostra/kot-uchyonyy_z1zwss82.mp3	Кот учёный		Что случилось с петушком?
vecher-u-kostra/kot-uchyonyy_1zlnqf0s.mp3	Кот учёный		Мур, подскажу: Подавился бобовым зёрнышком.
vecher-u-kostra/kot-uchyonyy_2f1x7fef.mp3	Кот учёный		Побежала курочка к хозяйке: Дай маслица — петушку горлышко смазать. А хозяйка: Беги к корове, пусть даст…
vecher-u-kostra/kot-uchyonyy_2f6o6krq.mp3	Кот учёный		Мур, подскажу: Молочка.
vecher-u-kostra/kot-uchyonyy_21eeejql.mp3	Кот учёный		А корова говорит: Беги к хозяину — пусть даст мне…
vecher-u-kostra/kot-uchyonyy_bs41xzwb.mp3	Кот учёный		Мур, подскажу: Свежей травы.
vecher-u-kostra/kot-uchyonyy_6649rxnw.mp3	Кот учёный		Хозяин дал травы, корова — молока, хозяйка сбила масло. Что сделала курочка?
vecher-u-kostra/kot-uchyonyy_1ii6nldy.mp3	Кот учёный		Петушок вскочил и запел во всё горло: Ку-ка-ре-ку!
vecher-u-kostra/kot-uchyonyy_2e6k6per.mp3	Кот учёный		Мур, подскажу: Смазала петушку горлышко — зёрнышко проскочило.
vecher-u-kostra/kot-uchyonyy_1a6274t1.mp3	Кот учёный		Мур-р… Слушай сказку на ночь — Лиса и тетерев. А ты подсказывай, что было дальше.
vecher-u-kostra/kot-uchyonyy_gf28uexi.mp3	Кот учёный		Мур. На хитрость найдётся смекалка: думай, кто и зачем тебе сладко поёт.
vecher-u-kostra/kot-uchyonyy_23a0dr53.mp3	Кот учёный		Сидел тетерев на дереве. Подошла лиса: Здравствуй, тетеревочек, мой дружочек! Слыхал новость?
vecher-u-kostra/kot-uchyonyy_by8akseo.mp3	Кот учёный		Какой указ выдумала лиса?
vecher-u-kostra/kot-uchyonyy_135atdvo.mp3	Кот учёный		Мур, подскажу: Звери и птицы больше друг друга не трогают — спускайся!.
vecher-u-kostra/kot-uchyonyy_292xmbxd.mp3	Кот учёный		Что ответил хитрый тетерев?
vecher-u-kostra/kot-uchyonyy_1f9p100z.mp3	Кот учёный		Мур, подскажу: Вон собаки бегут — им, верно, тоже указ объявили?.
vecher-u-kostra/kot-uchyonyy_22wq0njl.mp3	Кот учёный		А что лиса?
vecher-u-kostra/kot-uchyonyy_xh8ioh66.mp3	Кот учёный		Мур, подскажу: Может, они указа не слыхали — и убежала.
vecher-u-kostra/kot-uchyonyy_3j9z8kfm.mp3	Кот учёный		Мур-р… Слушай сказку на ночь — Журавль и цапля. А ты подсказывай, что было дальше.
vecher-u-kostra/kot-uchyonyy_1hu5v012.mp3	Кот учёный		Мур. Гордость да упрямство счастье за порог гонят. Сказал да — не тяни.
vecher-u-kostra/kot-uchyonyy_2eyobjp1.mp3	Кот учёный		Жили на болоте журавль и цапля — по разным концам. Скучно журавлю одному…
vecher-u-kostra/kot-uchyonyy_1usesdql.mp3	Кот учёный		Пошёл журавль свататься. Что ответила цапля?
vecher-u-kostra/kot-uchyonyy_15pk4g9a.mp3	Кот учёный		Мур, подскажу: Не пойду за тебя: ноги долгие, платье короткое!.
vecher-u-kostra/kot-uchyonyy_e5bst3ih.mp3	Кот учёный		Ушёл журавль. А цапля передумала и пришла к нему. Что ответил журавль?
vecher-u-kostra/kot-uchyonyy_20qibekn.mp3	Кот учёный		Мур, подскажу: Не надо мне тебя!.
vecher-u-kostra/kot-uchyonyy_qbmkj8tm.mp3	Кот учёный		А потом журавль снова передумал… Чем кончилось?
vecher-u-kostra/kot-uchyonyy_eyza5qg7.mp3	Кот учёный		Мур, подскажу: Так и ходят они друг к другу свататься до сих пор.
lukomorye-skazy/starik_1nyh5ifo.mp3	Старик		Живём со старухой в новой избе, а рыбка иногда приплывает — просто поболтать.
lukomorye-skazy/starik_1hwhidga.mp3	Старик		Спасибо, что надоумил: и трёх чудес хватит, коли сердце довольно.
lukomorye-skazy/starik_2fuiii97.mp3	Старик		Вот и сидим опять у разбитого корыта… Сам виноват: надо было сказать хватит.
lukomorye-skazy/starik_2d01uhvp.mp3	Старик		Ну да ничего. Корыто починим — руки-то есть.
lukomorye-skazy/starik_krlfhtlm.mp3	Старик		Жил я со старухой у самого синего моря. Тридцать лет и три года рыбачу — и раз поймал рыбку не простую, а золотую.
lukomorye-skazy/starik_1mhy8q0k.mp3	Старик		Отпустил я её в море и ничего не взял. А теперь сети пустые, море серое… Говорят, забудки опутали рыбку в Морском царстве.
lukomorye-skazy/starik_19ji90pe.mp3	Старик		Ты бывал в Морском царстве? Поищи там мою рыбку — в сетях у коралловых садов.
lukomorye-skazy/starik_1uo5nphp.mp3	Старик		Русалка на дубе знает дорогу под воду. Попроси её — она добрая.
lukomorye-skazy/starik_2eq274gv.mp3	Старик		Опять старуха бранится… Пойдём к морю, позовём рыбку.
lukomorye-skazy/starik_1ah0sfj7.mp3	Старик		Рыбка вернулась! Благодарит тебя, говорит — приплывёт на зов.
lukomorye-skazy/starik_2af23mnc.mp3	Старик		А у старухи корыто совсем раскололось… Поговори с ней — она скажет, чего хочет.
lukomorye-skazy/starik_oac7kdol.mp3	Старик		Старуха всё недовольна. Ты бы спросил её — чего ещё ей надобно?
lukomorye-skazy/staruha_1rx1kouj.mp3	Старуха		Изба тёплая, корыто новое… А я, старая, чуть было всего не лишилась из-за жадности. Спасибо, что остановил.
lukomorye-skazy/staruha_1mvgnke6.mp3	Старуха		Чего глядишь? Корыто треснуло, сети пустые, дед только вздыхает…
lukomorye-skazy/staruha_vea17z6w.mp3	Старуха		Ступай, ступай к морю! Без моего желания не возвращайся!
lukomorye-skazy/staruha_ujq3y0or.mp3	Старуха		Дурачина ты, простофиля! Корыто у нас раскололось. Ступай к рыбке, выпроси новое корыто!
lukomorye-skazy/staruha_46pim0te.mp3	Старуха		Выпросил, дурачина, корыто! Много ль в корыте корысти? Проси избу!
lukomorye-skazy/staruha_drk3993y.mp3	Старуха		Не хочу быть чёрной крестьянкой — хочу быть столбовою дворянкой, в высоком тереме жить!
lukomorye-skazy/staruha_a11ltif2.mp3	Старуха		Не хочу быть дворянкой! Хочу быть владычицей морскою, чтоб жить мне в Окияне-море, а рыбка была у меня на посылках!
lukomorye-skazy/zolotaya-rybka_c74cmaum.mp3	Золотая рыбка		Чего тебе надобно, старче?
lukomorye-skazy/starik_1v3mdilv.mp3	Старик		Смилуйся, государыня рыбка! Разбранила меня старуха: надобно ей новое корыто.
lukomorye-skazy/starik_1t2qo56t.mp3	Старик		Пуще прежнего старуха бранится: хочет избу.
lukomorye-skazy/starik_1ajqwuy7.mp3	Старик		Ещё пуще старуха бранится: хочет терем, хочет дворянкой быть.
lukomorye-skazy/zolotaya-rybka_fknmiyps.mp3	Золотая рыбка		Не печалься, ступай себе с Богом. Будет вам новое корыто.
lukomorye-skazy/zolotaya-rybka_12s7qnc3.mp3	Золотая рыбка		Не печалься, ступай. Так и быть: изба вам уж будет.
lukomorye-skazy/zolotaya-rybka_1ytz99tw.mp3	Золотая рыбка		Не печалься. Будет ей терем.
lukomorye-skazy/geroy_23wp9uul.mp3	герой (мысли)		Старуха хочет стать владычицей морской, а рыбку — себе на посылки. Что скажешь рыбке?
lukomorye-skazy/starik_19glwtpg.mp3	Старик		Смилуйся, государыня рыбка! Не хочет старуха быть дворянкой — хочет быть владычицей морскою…
lukomorye-skazy/starik_rxcjkqnq.mp3	Старик		Глядь — опять перед нами землянка, а на пороге старуха, а пред нею разбитое корыто…
lukomorye-skazy/zolotaya-rybka_1rdlvjtj.mp3	Золотая рыбка		Подожди, старче. Пусть Сказитель скажет своё слово.
lukomorye-skazy/staruha_28muu37s.mp3	Старуха		Это кто тут мне перечит?! Владычицей хочу быть!
lukomorye-skazy/staruha_krp4pmy5.mp3	Старуха		Вот! И Сказитель за меня!…Хотя постой. Что-то тут не так. Ступай-ка, подумай ещё.
lukomorye-skazy/staruha_pcoj84h2.mp3	Старуха		И то правда… Полы в тереме мести замучаешься. Изба тёплая, корыто новое, дед рядом. Хватит с меня.
lukomorye-skazy/staruha_18dxh2e7.mp3	Старуха		Скажи рыбке спасибо. От меня. Впервые за тридцать лет и три года.
lukomorye-skazy/sivka-burka_1z625kkw.mp3	Сивка-Бурка		Здесь я, хозяин!
lukomorye-skazy/geroy_180riwk7.mp3	герой (мысли)		Какими словами позвать коня?
lukomorye-skazy/geroy_eqemegyz.mp3	герой (мысли)		…Тишина. Только сверчки. Видно, не те слова.
lukomorye-skazy/sivka-burka_2g6wp34e.mp3	Сивка-Бурка		Чего надобно, Сказитель? Влезь мне в одно ушко, а в другое вылезь — станешь таким молодцем, что ни в сказке сказать, ни пером описать!
lukomorye-skazy/sivka-burka_1v95lva0.mp3	Сивка-Бурка	без «Сказителя»	Чего надобно? Влезь мне в одно ушко, а в другое вылезь — станешь таким молодцем, что ни в сказке сказать, ни пером описать!
lukomorye-skazy/sivka-burka_cnidw7nh.mp3	Сивка-Бурка		А теперь — к терему у южного берега! Царевна Елена сидит в окошке высоко-высоко. Кто допрыгнет — тому она перстень подарит.
lukomorye-skazy/sivka-burka_syqgiahj.mp3	Сивка-Бурка		Держись крепче! Раз…
lukomorye-skazy/sivka-burka_2add1bs0.mp3	Сивка-Бурка		Ещё разок! Два…
lukomorye-skazy/tsarevna-elena_ao3q685w.mp3	Царевна Елена		Ах! Не допрыгнул… Лишь на три бревна!
lukomorye-skazy/tsarevna-elena_1bjn59y5.mp3	Царевна Елена		Ещё чуть-чуть — на два бревна не достал!
lukomorye-skazy/sivka-burka_2g9k62rv.mp3	Сивка-Бурка		Третий раз — заветный! Лови миг и толкайся!
lukomorye-skazy/sivka-burka_1cokxmgk.mp3	Сивка-Бурка		Не в лад толкнулся! Ничего — третий раз можно пробовать сколько угодно. Закон трёх нас подождёт.
lukomorye-skazy/tsarevna-elena_j945o0ah.mp3	Царевна Елена		Допрыгнул! До самого окошка!
lukomorye-skazy/tsarevna-elena_2gkmbx43.mp3	Царевна Елена		Теперь узнаю тебя хоть в лохмотьях, хоть в золоте. А конь пусть служит тебе верно.
lukomorye-skazy/tsarevna-elena_1lpfeowe.mp3	Царевна Елена		Здравствуй, мой прыгун! Печать на лбу ещё блестит.
lukomorye-skazy/tsarevna-elena_15reja7p.mp3	Царевна Елена		Ну же, на коне — прыгай! Кто допрыгнет — тому перстень.
lukomorye-skazy/tsarevna-elena_2b2qd218.mp3	Царевна Елена		Ах, скучно в тереме! Кто на чудесном коне до окошка допрыгнет — тому перстень подарю.
lukomorye-skazy/tsarevna-elena_18eherr0.mp3	Царевна Елена		Пешком сюда не допрыгнуть, а простой лошадке и подавно. Нужен вещий конь — Сивка-Бурка!
lukomorye-skazy/tsarevna-elena_167qcefn.mp3	Царевна Елена		Ты ведь знаешь сказку — помнишь заветные слова? Ступай к вещему камню на распутье и позови коня!
lukomorye-skazy/tsarevna-elena_1ftttpj8.mp3	Царевна Елена		Как его позвать — знает Кот учёный. Попроси его вечером у костра рассказать сказку Сивка-Бурка, а потом позови коня у вещего камня на распутье.
lukomorye-skazy/lyagushka_1n0emig5.mp3	Лягушка		Ква! Ты нашёл мою стрелу! Значит, по сказке — судьба.
lukomorye-skazy/lyagushka_1ptplnpx.mp3	Лягушка		Не пугайся: я не простая лягушка. Я царевна. Забудки Кощея закрепили на мне лягушачью кожу — и я забыла, как снимать её.
lukomorye-skazy/lyagushka_25802ai6.mp3	Лягушка		Помоги вспомнить мою сказку — три дела, как положено: испеки царский каравай у костра, собери нитки для ковра в трёх краях, а потом — спляши со мной на пиру.
lukomorye-skazy/lyagushka_1wba7dmj.mp3	Лягушка		Ква-ква… каравай у костра, 0/3 ниток. Нитки лежат у входа в каждый край.
lukomorye-skazy/lyagushka_6vriudc6.mp3	Лягушка		Ква-ква… каравай у костра, 1/3 ниток. Нитки лежат у входа в каждый край.
lukomorye-skazy/lyagushka_94vj9no8.mp3	Лягушка		Ква-ква… каравай у костра, 2/3 ниток. Нитки лежат у входа в каждый край.
lukomorye-skazy/lyagushka_ihq9jbxy.mp3	Лягушка		Ква-ква… каравай у костра, 3/3 ниток. Нитки лежат у входа в каждый край.
lukomorye-skazy/lyagushka_241t32sf.mp3	Лягушка		Каравай пышный, нитки — все три! Ковёр я сотку за ночь. А теперь — пир! Пляши со мной, Сказитель: махну левым рукавом — озеро, правым — лебеди!
lukomorye-skazy/lyagushka_rofbfbdu.mp3	Лягушка	без «Сказителя»	Каравай пышный, нитки — все три! Ковёр я сотку за ночь. А теперь — пир! Пляши со мной: махну левым рукавом — озеро, правым — лебеди!
lukomorye-skazy/lyagushka_285fs45y.mp3	Лягушка		Ква! Сбились с ноги. Давай ещё раз — пляска любит повторение.
lukomorye-skazy/tsarevna-lyagushka_21qnwuki.mp3	Царевна-лягушка		Вспомнила! Меня тоже зовут Василисой — Василисой Прекрасной. Видишь, кожа лежит на кочке…
lukomorye-skazy/tsarevna-lyagushka_1qfl78lu.mp3	Царевна-лягушка		Ах! Что ты наделал… Ещё бы три денька — и я бы стала свободной сама. Не торопи чудо!
lukomorye-skazy/lyagushka_5ijmtlnk.mp3	Лягушка		Ква… Ну, Закон добра: прощаю. Кожа выросла заново. Спляшем ещё раз — и уж в этот раз не торопись.
lukomorye-skazy/tsarevna-lyagushka_1foa3685.mp3	Царевна-лягушка		Ты не стал торопить чудо — а это мудрее любой силы. Кожу я сама сберегу: пусть лежит в сундуке, как память.
lukomorye-skazy/tsarevna-lyagushka_2297y55m.mp3	Царевна-лягушка		А из ниток трёх краёв я соткала ковёр-самолёт. Садись — он отнесёт тебя в любой край, где ты уже бывал.
lukomorye-skazy/tsarevna-lyagushka_12h10dho.mp3	Царевна-лягушка		Ковёр-самолёт ждёт тебя в меню По щучьему велению. Лети, Сказитель!
lukomorye-skazy/tsarevna-lyagushka_1g9lctbn.mp3	Царевна-лягушка	без «Сказителя»	Ковёр-самолёт ждёт тебя в меню По щучьему велению. Лети!
lukomorye-skazy/tsarevna-lyagushka_1ebwav1c.mp3	Царевна-лягушка		А я учу Кикимору печь караваи. Пока выходят… болотные.
lukomorye-skazy/geroy_1zazvn7g.mp3	герой (мысли)		Мука, вода, соль, щепоть сказки… Замесим царский каравай! Три раза — в лад.
lukomorye-skazy/geroy_1d7t3j3w.mp3	герой (мысли)		Тесто осело… Ещё разок?
lukomorye-skazy/rusalka_mb34ks8z.mp3	Русалка		Сказитель! Послушай… Под Лукоморьем, на самом дне, — Морское царство. Там тоже всё уснуло.
lukomorye-skazy/rusalka_eb7f0w16.mp3	Русалка	без «Сказителя»	Послушай… Под Лукоморьем, на самом дне, — Морское царство. Там тоже всё уснуло.
lukomorye-skazy/rusalka_qq4ty6yw.mp3	Русалка		Морской царь забыл свои песни, гусляр Садко гостит у него и не может вернуться домой, а в сетях запуталась золотая рыбка.
lukomorye-skazy/rusalka_vi2428t3.mp3	Русалка		Я провожу тебя! Под водой не бойся: держи Пробел — всплывёшь, отпустишь — опустишься.
lukomorye-skazy/rusalka_vdwt7ugn_t.mp3	Русалка	телефон	Я провожу тебя! Под водой не бойся: держи Пробел — всплывёшь, отпустишь — опустишься.
lukomorye-skazy/rusalka_1htm5fji.mp3	Русалка		Поплывём в Морское царство?
lukomorye-skazy/rusalka_132vnd6t.mp3	Русалка		Поплывёшь со мной?
lukomorye/kot-uchyonyy_qtdyzuwg.mp3	Кот учёный		Мур-р… Вот и рассказана сказка, Сказитель. Лес помнит Ягу, горы — Морозко, реки — Алёнушку с братцем.
lukomorye/kot-uchyonyy_eyxmmid7.mp3	Кот учёный	без «Сказителя»	Мур-р… Вот и рассказана сказка. Лес помнит Ягу, горы — Морозко, реки — Алёнушку с братцем.
lukomorye/kot-uchyonyy_1a5zv9xz.mp3	Кот учёный		Ты сломал иглу — и Кощей сгинул. Так кончаются многие сказки.
lukomorye/kot-uchyonyy_5kc31ipx.mp3	Кот учёный		Ты вернул иглу в сундук — и Кощей уснул. Сказка замкнулась в кольцо: однажды её расскажут снова.
lukomorye/kot-uchyonyy_1vwz7x1i.mp3	Кот учёный		Ты рассказал Кощею его собственную сказку — и даже он вспомнил, как жить. Такого финала не знала ни одна книга!
lukomorye/kot-uchyonyy_1srwzxok.mp3	Кот учёный		А знаешь, что главное? Сказки не умирают — их рассказывают. Пока ты помнишь — Тридевятое живо.
lukomorye/kot-uchyonyy_10i0wnit.mp3	Кот учёный		Мяу… то есть, здравствуй. Проснулся? Значит, ты — Сказитель.
lukomorye/kot-uchyonyy_f6z061rt.mp3	Кот учёный		Не хочешь говорить? Ничего — буду звать тебя Сказителем.
lukomorye/kot-uchyonyy_j7blxnma.mp3	Кот учёный		Я Кот учёный. Днём и ночью я ходил по цепи кругом… а теперь сижу и не помню, куда идти. Цепь порвана.
lukomorye/kot-uchyonyy_2ehb5zh4.mp3	Кот учёный		Кощей крадёт у мира память о сказках. Видишь — всё серое и тихое. Даже я забываю свои песни.
lukomorye/kot-uchyonyy_dcymkkhc.mp3	Кот учёный		Ты умеешь вселяться в героев. Сейчас ты — Иван. Простой, зато сердце доброе.
lukomorye/kot-uchyonyy_1j35b1vg.mp3	Кот учёный		Нажми Q — это Сказительский взгляд. Увидишь Нити Сказа. Три звена златой цепи разлетелись — нити приведут к ним.
lukomorye/kot-uchyonyy_1z6gmb6a_t.mp3	Кот учёный	телефон	Нажми Q — это Сказительский взгляд. Увидишь Нити Сказа. Три звена златой цепи разлетелись — нити приведут к ним.
lukomorye/kot-uchyonyy_2bh6b466.mp3	Кот учёный		Взгляд тратит Слово. Кончится — посиди у костра, он греет и память, и душу.
lukomorye/kot-uchyonyy_28dg7n7f.mp3	Кот учёный		И помни три закона сказки: Закон трёх, Закон имени, Закон добра. Они пригодятся.
lukomorye/kot-uchyonyy_1yy97cyx.mp3	Кот учёный		Ну что, Сказитель, возьмёшься?
lukomorye/kot-uchyonyy_t3irfdef.mp3	Кот учёный	без «Сказителя»	Ну что, возьмёшься?
lukomorye/kot-uchyonyy_rt8dkkgx.mp3	Кот учёный		Потому что дураку везёт. Нажми R — Удача дурака. Что выпадет — не знаю даже я. Может, сила богатырская. А может, вороны засмеются.
lukomorye/kot-uchyonyy_jkd57dyt_t.mp3	Кот учёный	телефон	Потому что дураку везёт. Нажми R — Удача дурака. Что выпадет — не знаю даже я. Может, сила богатырская. А может, вороны засмеются.
lukomorye/kot-uchyonyy_6eqsvejj.mp3	Кот учёный		Ступай. Мур.
lukomorye/kot-uchyonyy_9e9coezo.mp3	Кот учёный		Все три! Неси к дубу, к самому стволу. Скрепи цепь — и посмотрим, что будет.
lukomorye/kot-uchyonyy_106so2pn.mp3	Кот учёный		У лукоморья дуб зелёный; Златая цепь на дубе том: И днём и ночью кот учёный Всё ходит по цепи кругом;
lukomorye/kot-uchyonyy_mltv3jow.mp3	Кот учёный		Идёт налево — песнь заводит, Направо — сказку говорит…
lukomorye/kot-uchyonyy_1tk3nssi.mp3	Кот учёный		Мур… А ведь правда! Поймал старика. Вот что значит — Сказитель: помнишь, как было на самом деле.
lukomorye/kot-uchyonyy_1hmpavsl.mp3	Кот учёный		Держи забытое слово: ЛУКОМОРЬЕ. В каждой земле спрятано такое. Собери все — узнаешь, кем был Кощей.
lukomorye/kot-uchyonyy_9ih9s7vc.mp3	Кот учёный		Мур-р… Ну, раз ты так говоришь.
lukomorye/kot-uchyonyy_u8qbiflg.mp3	Кот учёный		Пять сказов в твоей Книге, Сказитель! Лукоморье помнит себя целиком.
lukomorye/kot-uchyonyy_16r5v4pu.mp3	Кот учёный	без «Сказителя»	Пять сказов в твоей Книге! Лукоморье помнит себя целиком.
lukomorye/kot-uchyonyy_28isejgg.mp3	Кот учёный		Скажу тебе тайну: Кощей тоже когда-то был сказителем. Его забыли — и он решил забыть всех. Найди все забытые слова — и узнаешь его настоящее имя.
lukomorye/kot-uchyonyy_1i2nvyfy.mp3	Кот учёный		А теперь — в Дремучий лес. Баба-Яга ждёт… хоть сама и не помнит, что ждёт.
lukomorye/kot-uchyonyy_1p2nzn62.mp3	Кот учёный		Портал в Дремучий лес проснулся. Но не спеши: в Лукоморье ещё остались забытые сказки. Дед с репкой, щука на берегу, Колобок… Собери все пять сказов.
lukomorye/rusalka_kp0jzawn.mp3	Русалка		Ля-ля… кто ты? Я забыла… Спроси сначала кота.
lukomorye/rusalka_1s49av2e.mp3	Русалка		Ой, живой! Тёплый! Я тут сижу на ветвях и всё забываю…
lukomorye/rusalka_1teieby7.mp3	Русалка		У меня звено златое — нашла в волнах. Отдам тому, кто отгадает три загадки. Закон трёх!
lukomorye/rusalka_1a5q8ube.mp3	Русалка		Думай, богатырь. Я подожду — мне торопиться некуда.
lukomorye/rusalka_1jgc1aan.mp3	Русалка		Верно! Ой, а цвета вокруг чуть ярче стали…
lukomorye/rusalka_1u9h49ss.mp3	Русалка		Ха-ха! Мимо! Подумай ещё.
lukomorye/rusalka_wcsn3o4d.mp3	Русалка		Три из трёх! Держи звено. И… спасибо. Я вспомнила, что умею петь.
lukomorye/kikimora_2eut0t4p.mp3	Кикимора		Чего припёрся? Ступай к своему коту.
lukomorye/kikimora_6gnqx9an.mp3	Кикимора		Чего уставился? Блестяшка моя. Нашла — значит моя.
lukomorye/kikimora_2ee3csmj.mp3	Кикимора		Силой не отдам. А вот если рассмешишь… Тут так скучно с тех пор, как всё посерело.
lukomorye/kikimora_ufuwuf5e.mp3	Кикимора		Ну, насмеши меня, богатырь. Только чтоб болото дрогнуло!
lukomorye/kikimora_vbzlp24o.mp3	Кикимора		Хи. Ну… ещё!
lukomorye/kikimora_8prs84zo.mp3	Кикимора		Хи-хи! Последняя попытка — и если засмеюсь, отдам блестяшку.
lukomorye/kikimora_o3cxzqfh.mp3	Кикимора		Цифры… Скукота болотная.
lukomorye/kikimora_fjfvp9jz.mp3	Кикимора		Хвастун, а не шутник.
lukomorye/kikimora_1aj4pvzf.mp3	Кикимора		Погода у меня всегда одна — болотная.
lukomorye/kikimora_2gbtftvy.mp3	Кикимора		Драться? Со мной? Ну-ну.
lukomorye/kikimora_11qoaje4.mp3	Кикимора		Ну зелёная. Это правда. А не смешно.
lukomorye/kikimora_1no5jrx5.mp3	Кикимора		Иди-иди. Без блестяшки.
lukomorye/kikimora_kis77rke.mp3	Кикимора		Хмф.
lukomorye/kikimora_g2b1eu4r.mp3	Кикимора		Ха-ха-ха-ХА! Ох, не могу! Болото аж забулькало!
lukomorye/kikimora_22tzznom.mp3	Кикимора		На, держи свою блестяшку. Заходи ещё — с шутками. Закон добра: ты меня развеселил — я тебе помогла.
lukomorye/ivan_1tp3gs50.mp3	Иван		Костёр — единственное, что тут ещё помнит, каким бывает тепло.
lukomorye/ivan_2aey39qv.mp3	Иван		Каменная арка. Внутри — серая муть. Нить Лукоморья порвана, дальше дороги нет.
lukomorye/portal_188p0q09.mp3	Портал		Из арки тянет хвоей и дымом. Где-то далеко скрипят куриные ноги избушки…
lukomorye/portal_iftk1ld4.mp3	Портал		Дорога в Дремучий лес ещё не проложена.
lukomorye/portal_17tl3gg5.mp3	Портал		Из арки тянет ветрами всех сказок. Куда шагнуть?
lukomorye/kot-uchyonyy_kr278yh9.mp3	Кот учёный		Мяу!.. МЯУ! Я помню! Я всё помню! Направо — песнь, налево — сказка!
lukomorye/kot-uchyonyy_11a36ukr.mp3	Кот учёный		Смотри, Сказитель: море синее, трава зелёная… Это ты сделал. Ты рассказал сказку заново.
lukomorye/kot-uchyonyy_208bb3av.mp3	Кот учёный	без «Сказителя»	Смотри: море синее, трава зелёная… Это ты сделал. Ты рассказал сказку заново.
lukomorye/kot-uchyonyy_2fc36r86.mp3	Кот учёный		Подойди, когда отдышишься. Прочту тебе кое-что.
lukomorye/kamen-na-raspute_bwhbjlo9.mp3	Камень на распутье		Направо пойдёшь — к болоту придёшь, Кикиморе смех принесёшь. Налево пойдёшь — в берёзовой роще забудок найдёшь. Прямо пойдёшь — к дубу выйдешь, где кот учёный сказку забыл.
lukomorye/kamen-na-raspute_awiguypk.mp3	Камень на распутье		Ниже кто-то нацарапал: Ваня, не забудь поесть. — Мама.
lukomorye/kamen-na-raspute_16f56fmt.mp3	Камень на распутье		Буквы будто дрожат… Может, прочесть ещё раз?
lukomorye/kamen-na-raspute_zoqs1hmn.mp3	Камень на распутье		Ты читаешь в третий раз — и проступают новые буквы. Закон трёх!
lukomorye/kamen-na-raspute_1e0ahi7k.mp3	Камень на распутье		РАСПУТЬЕ — место, где дорога делится натрое. Выбирая путь, сказочный герой выбирает себя.
lukomorye/ded_12hk0hwk.mp3	Дед		Посадил дед репку. Выросла репка большая-пребольшая… А вытянуть некому!
lukomorye/ded_1q1t2yq4.mp3	Дед		Бабка, внучка, Жучка да кошка — все забыли, кто они, разбрелись по серости. Один я остался.
lukomorye/ded_ojvlqjp0.mp3	Дед		Подсоби, молодец! Тянем-потянем?
lukomorye/ded_9kh3jcaa.mp3	Дед		Тянут-потянут — вытянуть не могут!
lukomorye/ded_1pkra7u6.mp3	Дед		Эх… Не хватает самой малости. Позвать бы кого — хоть самого маленького.
lukomorye/ded_exfmvloe.mp3	Дед		У старого пня, к западу, мышка-норушка живёт. Да простым глазом её не увидишь — она от серости спряталась.
lukomorye/ded_q6cjk0qn.mp3	Дед		Мышку найди, внучек. У старого пня, к западу от огорода. Смотри Сказительским взглядом.
lukomorye/ded_cnljsp5e.mp3	Дед		Мышка с нами! Ну, теперь берись за репку — тянем!
lukomorye/ded_qz22v3vb.mp3	Дед		Спасибо, внучек! Бабка с внучкой вернутся — кашу сварим. А ты помни: и самый маленький может всё решить.
lukomorye/myshka-norushka_hghdnrh4.mp3	Мышка-норушка		Пи! Ты меня видишь? Я мышка-норушка. Боюсь серости… Если кому помощь нужна — зови.
lukomorye/myshka-norushka_ulop7jgo.mp3	Мышка-норушка		Пи! Репку тянуть? Я? Я же самая маленькая!
lukomorye/myshka-norushka_33031h20.mp3	Мышка-норушка		Ну… раз без меня никак — побежали!
lukomorye/ded_bqn9a13d.mp3	Дед		Дедка за репку, Иван за дедку, мышка за Ивана… Три раза дружно — и вытянем! Лови момент!
lukomorye/ded_1nnja004.mp3	Дед		Ух! Не в лад потянули. Ещё разок?
lukomorye/ded_19utkgn4.mp3	Дед		Вытянули! Ай да мы! А мышка-то — главная оказалась.
lukomorye/ded_260o2avu.mp3	Дед		Держи, внучек: репка богатырская. Кто её поест — тому сил прибавится.
lukomorye/schuka_am4hts5a.mp3	Щука		Ой-ой… Иван! Волной меня на берег выбросило, а серость будто воду высушила…
lukomorye/schuka_25w9vyri.mp3	Щука		Отпусти меня в море — я тебе пригожусь!
lukomorye/schuka_zldr4hqb.mp3	Щука		Исполняю! Но только добрым. Отпусти — и проверим, добрый ли ты.
lukomorye/schuka_m4tnp3mt.mp3	Щука		Ох, не губи, Иванушка! Да ты и не такой — по глазам вижу, сердце у тебя доброе.
lukomorye/schuka_1pbo3jzn.mp3	Щука		Спасибо, Иван! Слушай и запоминай: По щучьему велению, по моему хотению.
lukomorye/schuka_1g94oj2p.mp3	Щука		Скажи эти слова — нажми T — и окажешься там, где пожелаешь. Только для добрых дел!
lukomorye/schuka_1zuzwu6p_t.mp3	Щука	телефон	Скажи эти слова — нажми T — и окажешься там, где пожелаешь. Только для добрых дел!
lukomorye/po-schuchemu-veleniyu_17yc2s7j.mp3	По щучьему велению		По щучьему велению, по моему хотению — хочу оказаться…
lukomorye/kolobok_1phwme6k.mp3	Колобок		Ой! Догнал! Я Колобок, Колобок! По амбару метён, по сусеку скребён, на сметане мешён…
lukomorye/kolobok_vugrhrz6.mp3	Колобок		Я от бабушки ушёл, я от дедушки ушёл, от зайца ушёл, от волка ушёл, от медведя ушёл — а от тебя, Иван, не ушёл!
lukomorye/kolobok_1lobu79z.mp3	Колобок		Ну что… съешь меня?
lukomorye/kolobok_1au68jj1.mp3	Колобок		Все так говорят! А в конце всегда приходит лиса… Нет уж — я покатился!
lukomorye/kolobok_1e4ioub8.mp3	Колобок		Дружить? Со мной ещё никто не дружил! Все только съесть хотели…
lukomorye/kolobok_2a1bjtle.mp3	Колобок		Тогда я буду катиться впереди и показывать дорогу. Я тут каждую кочку знаю! Захочешь подсказку — нажми F рядом со мной.
lukomorye/kolobok_1ita4bsm_t.mp3	Колобок	телефон	Тогда я буду катиться впереди и показывать дорогу. Я тут каждую кочку знаю! Захочешь подсказку — нажми F рядом со мной.
lukomorye/zhar-ptitsa_pqohbeoi.mp3	Жар-птица		Ты собрал мои перья и не оставил себе ни одного. Не всякий так сможет!
lukomorye/zhar-ptitsa_26ag31c6.mp3	Жар-птица		Возьми слово, Сказитель. И пусть Слово твоё теперь восполняется вдвое быстрее.
lukomorye/zhar-ptitsa_wqa7l5q2.mp3	Жар-птица	без «Сказителя»	Возьми слово. И пусть Слово твоё теперь восполняется вдвое быстрее.
lukomorye/kot-uchyonyy_28ccov6u.mp3	Кот учёный		Ты собрал сказов: 1 из 31.
lukomorye/kot-uchyonyy_1313rvu0.mp3	Кот учёный		Ты собрал сказов: 2 из 31.
lukomorye/kot-uchyonyy_1mkfwzdj.mp3	Кот учёный		Ты собрал сказов: 3 из 31.
lukomorye/kot-uchyonyy_1eosoau6.mp3	Кот учёный		Ты собрал сказов: 4 из 31.
lukomorye/kot-uchyonyy_wzctkbu5.mp3	Кот учёный		Ты собрал сказов: 5 из 31.
lukomorye/kot-uchyonyy_1vsjl1mm.mp3	Кот учёный		Ты собрал сказов: 6 из 31.
lukomorye/kot-uchyonyy_1zexsbu8.mp3	Кот учёный		Ты собрал сказов: 7 из 31.
lukomorye/kot-uchyonyy_24l3ffgb.mp3	Кот учёный		Ты собрал сказов: 8 из 31.
lukomorye/kot-uchyonyy_2gi1uz1o.mp3	Кот учёный		Ты собрал сказов: 9 из 31.
lukomorye/kot-uchyonyy_k05jboqe.mp3	Кот учёный		Ты собрал сказов: 10 из 31.
lukomorye/kot-uchyonyy_1b8uveb2.mp3	Кот учёный		Ты собрал сказов: 11 из 31.
lukomorye/kot-uchyonyy_24227olv.mp3	Кот учёный		Ты собрал сказов: 12 из 31.
lukomorye/kot-uchyonyy_17bu479b.mp3	Кот учёный		Ты собрал сказов: 13 из 31.
lukomorye/kot-uchyonyy_22er9d1o.mp3	Кот учёный		Ты собрал сказов: 14 из 31.
lukomorye/kot-uchyonyy_16z71eip.mp3	Кот учёный		Ты собрал сказов: 15 из 31.
lukomorye/kot-uchyonyy_1i1owrm0.mp3	Кот учёный		Ты собрал сказов: 16 из 31.
lukomorye/kot-uchyonyy_2627wi6s.mp3	Кот учёный		Ты собрал сказов: 17 из 31.
lukomorye/kot-uchyonyy_17t56whu.mp3	Кот учёный		Ты собрал сказов: 18 из 31.
lukomorye/kot-uchyonyy_gxkwqmg2.mp3	Кот учёный		Ты собрал сказов: 19 из 31.
lukomorye/kot-uchyonyy_e8xla1z2.mp3	Кот учёный		Ты собрал сказов: 20 из 31.
lukomorye/kot-uchyonyy_11wwipjy.mp3	Кот учёный		Ты собрал сказов: 21 из 31.
lukomorye/kot-uchyonyy_1grealwp.mp3	Кот учёный		Ты собрал сказов: 22 из 31.
lukomorye/kot-uchyonyy_28wv8t4o.mp3	Кот учёный		Ты собрал сказов: 23 из 31.
lukomorye/kot-uchyonyy_1qhpr18w.mp3	Кот учёный		Ты собрал сказов: 24 из 31.
lukomorye/kot-uchyonyy_1se16p6y.mp3	Кот учёный		Ты собрал сказов: 25 из 31.
lukomorye/kot-uchyonyy_muq2d65s.mp3	Кот учёный		Ты собрал сказов: 26 из 31.
lukomorye/kot-uchyonyy_29etrrs2.mp3	Кот учёный		Ты собрал сказов: 27 из 31.
lukomorye/kot-uchyonyy_24i1s9w9.mp3	Кот учёный		Ты собрал сказов: 28 из 31.
lukomorye/kot-uchyonyy_wihif3vh.mp3	Кот учёный		Ты собрал сказов: 29 из 31.
lukomorye/kot-uchyonyy_1kdcr01r.mp3	Кот учёный		Ты собрал сказов: 30 из 31.
lukomorye/kot-uchyonyy_23b659pl.mp3	Кот учёный		Ты собрал сказов: 31 из 31.
lukomorye/kot-uchyonyy_mitm47nh.mp3	Кот учёный		Заветных слов: 0 из 9.
lukomorye/kot-uchyonyy_2660hf2o.mp3	Кот учёный		Заветных слов: 1 из 9.
lukomorye/kot-uchyonyy_1kwu659i.mp3	Кот учёный		Заветных слов: 2 из 9.
lukomorye/kot-uchyonyy_cacvvt30.mp3	Кот учёный		Заветных слов: 3 из 9.
lukomorye/kot-uchyonyy_3ykrrfac.mp3	Кот учёный		Заветных слов: 4 из 9.
lukomorye/kot-uchyonyy_1ams85f4.mp3	Кот учёный		Заветных слов: 5 из 9.
lukomorye/kot-uchyonyy_twvo5pt8.mp3	Кот учёный		Заветных слов: 6 из 9.
lukomorye/kot-uchyonyy_844ktzlw.mp3	Кот учёный		Заветных слов: 7 из 9.
lukomorye/kot-uchyonyy_n6rbpzif.mp3	Кот учёный		Заветных слов: 8 из 9.
lukomorye/kot-uchyonyy_1l0h4rrb.mp3	Кот учёный		Заветных слов: 9 из 9.
lukomorye/kot-uchyonyy_2ac3jo4g.mp3	Кот учёный		Начни сказку заново — может, найдёшь другой финал!
lukomorye/kot-uchyonyy_k25dex22.mp3	Кот учёный		Какое славное имя. Так и буду тебя звать.
lukomorye/kot-uchyonyy_235tp2ts.mp3	Кот учёный		Русалка на ветвях бормочет загадки. Подойди к дубу с той стороны, где ветка над морем.
lukomorye/kot-uchyonyy_149fbn3z.mp3	Кот учёный		В берёзовой роще звено спрятано от простых глаз. Смотри Сказительским взглядом.
lukomorye/kot-uchyonyy_1ctvwv27.mp3	Кот учёный		В берёзовой роще завелись забудки — серые, сонные. Взглядом увидишь их слабость: бей — и уснут.
lukomorye/kot-uchyonyy_1qo25brd.mp3	Кот учёный		Кикимора на болоте что-то стащила. Силой её не возьмёшь — Кикимор надо смешить.
lukomorye/kot-uchyonyy_1100odbt.mp3	Кот учёный		Русалка на ветвях бормочет загадки. Подойди к дубу с той стороны, где ветка над морем. А ещё… мур, забыл. Нажми Q — нити подскажут.
lukomorye/kot-uchyonyy_1nradkn0_t.mp3	Кот учёный	телефон	Русалка на ветвях бормочет загадки. Подойди к дубу с той стороны, где ветка над морем. А ещё… мур, забыл. Нажми Q — нити подскажут.
lukomorye/kot-uchyonyy_25sj000n.mp3	Кот учёный		В берёзовой роще звено спрятано от простых глаз. Смотри Сказительским взглядом. А ещё… мур, забыл. Нажми Q — нити подскажут.
lukomorye/kot-uchyonyy_2kud413w_t.mp3	Кот учёный	телефон	В берёзовой роще звено спрятано от простых глаз. Смотри Сказительским взглядом. А ещё… мур, забыл. Нажми Q — нити подскажут.
lukomorye/kot-uchyonyy_2bchbwhb.mp3	Кот учёный		В берёзовой роще завелись забудки — серые, сонные. Взглядом увидишь их слабость: бей — и уснут. А ещё… мур, забыл. Нажми Q — нити подскажут.
lukomorye/kot-uchyonyy_1douoahl_t.mp3	Кот учёный	телефон	В берёзовой роще завелись забудки — серые, сонные. Взглядом увидишь их слабость: бей — и уснут. А ещё… мур, забыл. Нажми Q — нити подскажут.
lukomorye/kot-uchyonyy_63jx222a.mp3	Кот учёный		Кикимора на болоте что-то стащила. Силой её не возьмёшь — Кикимор надо смешить. А ещё… мур, забыл. Нажми Q — нити подскажут.
lukomorye/kot-uchyonyy_1mbbmbqw_t.mp3	Кот учёный	телефон	Кикимора на болоте что-то стащила. Силой её не возьмёшь — Кикимор надо смешить. А ещё… мур, забыл. Нажми Q — нити подскажут.
lukomorye/rusalka_a0mf0hne.mp3	Русалка		Загадка 1: Без окон, без дверей — полна горница людей.
lukomorye/rusalka_263jjqei.mp3	Русалка		Загадка 2: Сидит дед, во сто шуб одет. Кто его раздевает — тот слёзы проливает.
lukomorye/rusalka_11nd01sq.mp3	Русалка		Загадка 3: Не лает, не кусает, а в дом не пускает.
lukomorye/kolobok_l3m63dse.mp3	Колобок		Покатили в Морское царство — через Русалку или портал! Я впереди.
lukomorye/kolobok_1isq87h7.mp3	Колобок		Покатили к Русалке на дубе — она знает путь в Морское царство! Я впереди.
lukomorye/kolobok_23z7t4of.mp3	Колобок		Покатили через портал — к Калинову мосту на реке Смородине! Я впереди.
lukomorye/kolobok_678niab2.mp3	Колобок		Покатили на Сивке-Бурке — к терему царевны! Я впереди.
lukomorye/kolobok_6oknuqey.mp3	Колобок		Покатили на болоте лежит чья-то стрела…! Я впереди.
lukomorye/kolobok_29ftqg97.mp3	Колобок		Покатили к вещему камню на распутье — позови Сивку-Бурку! Я впереди.
lukomorye/kolobok_1nwdnadn.mp3	Колобок		Покатили вечером у костра попроси Кота рассказать Сивку-Бурку! Я впереди.
lukomorye/kolobok_r6156u3l.mp3	Колобок		Покатили к терему на южном берегу — царевна Елена скучает в окошке! Я впереди.
lukomorye/kolobok_iqkftx35.mp3	Колобок		Покатили Серый волк — в логове у северной опушки! Я впереди.
lukomorye/kolobok_zl7mh4ea.mp3	Колобок		Покатили к Хаврошечке — посадить зёрнышко! Я впереди.
lukomorye/kolobok_28p4hg8q.mp3	Колобок		Покатили к Крошечке-Хаврошечке у молочной реки! Я впереди.
lukomorye/kolobok_yy451bdk.mp3	Колобок		Покатили одолей теней у сундука — в чулан не заглядывай!! Я впереди.
lukomorye/kolobok_1wmq35k6.mp3	Колобок		Покатили открой сундук с мечом! Я впереди.
lukomorye/kolobok_276ajxns.mp3	Колобок		Покатили отнеси меч Марье Моревне! Я впереди.
lukomorye/kolobok_2fxfc7y2.mp3	Колобок		Покатили к шатру Марьи Моревны! Я впереди.
lukomorye/kolobok_5g85vd3l.mp3	Колобок		Покатили к дубу Соловья-разбойника — смени героя на Илью Муромца! Я впереди.
lukomorye/kolobok_teeicw3n.mp3	Колобок		Покатили Соловей-разбойник на дубу — нужен богатырь! Я впереди.
lukomorye/kolobok_1itaoc0e.mp3	Колобок		Покатили беги за лисой к норе!! Я впереди.
lukomorye/kolobok_1piiiuey.mp3	Колобок		Покатили догони лису с Петушком!! Я впереди.
lukomorye/kolobok_g94jk9ac.mp3	Колобок		Покатили сыграй на гуслях у лисьей норы! Я впереди.
lukomorye/kolobok_28mkh3xz.mp3	Колобок		Покатили отнеси перо Жар-птицы Ивану-царевичу к камню! Я впереди.
lukomorye/kolobok_s5nfisuf.mp3	Колобок		Покатили к мужику на поле — Вершки и корешки! Я впереди.
lukomorye/kolobok_8pb1s53b.mp3	Колобок		Покатили к котелку — варить кашу из топора! Я впереди.
lukomorye/kolobok_1e787c00.mp3	Колобок		Покатили к солдату у бабкиной избы — Каша из топора! Я впереди.
lukomorye/kolobok_3udhu4lj.mp3	Колобок		Покатили карауль Петушка у избушки! Я впереди.
lukomorye/kolobok_aw6udd80.mp3	Колобок		Покатили к избушке Кота, Дрозда и Петушка! Я впереди.
lukomorye/kolobok_8kkzsabh.mp3	Колобок		Покатили у вещего камня — Иван-царевич в беде! Я впереди.
lukomorye/kolobok_1myrpb83.mp3	Колобок		Я впереди.
novye-skazki/muzhik_gdktzc7e.mp3	Мужик		Теперь мы с Мишкой соседи: я пашу, он пчёл стережёт. Всё — пополам, и вершки, и корешки!
novye-skazki/muzhik_1e2uwibg.mp3	Мужик		Здравствуй, Сказитель! Поехал я в лес, вспахал полянку — а тут медведь: Мужик, я тебя заломаю!
novye-skazki/muzhik_12tzbfxa.mp3	Мужик	без «Сказителя»	Здравствуй! Поехал я в лес, вспахал полянку — а тут медведь: Мужик, я тебя заломаю!
novye-skazki/muzhik_df7yy0ad.mp3	Мужик		Договорились мы: я пашу и сею, а урожай делим. Медведь говорит: Мне — вершки, тебе — корешки.
novye-skazki/medved_218gm5xd.mp3	Медведь		Р-р-р! Так и быть: мне вершки, ему корешки. Медведь своё слово держит!
novye-skazki/medved_25zl738i.mp3	Медведь		Обманул ты меня, мужик! Ботва горькая, а репа сладкая… Нынче — наоборот: мне корешки, тебе вершки!
novye-skazki/muzhik_167uubro.mp3	Мужик		Медведь хочет вершки. Что посеем, Сказитель, чтобы мужику не остаться голодным?
novye-skazki/muzhik_1pbirvub.mp3	Мужик	без «Сказителя»	Медведь хочет вершки. Что посеем, чтобы мужику не остаться голодным?
novye-skazki/muzhik_2b3k3jud.mp3	Мужик		Медведь хочет корешки. Что посеем, Сказитель, чтобы мужику не остаться голодным?
novye-skazki/muzhik_1ue3wjeu.mp3	Мужик	без «Сказителя»	Медведь хочет корешки. Что посеем, чтобы мужику не остаться голодным?
novye-skazki/muzhik_2cji07n0.mp3	Мужик		Горох? У него и вершки, и стручки — всё наверху… Медведь всё заберёт!
novye-skazki/muzhik_1ibh78ri.mp3	Мужик		У пшеницы зерно наверху — медведь его и заберёт. Думай ещё!
novye-skazki/muzhik_216791qj.mp3	Мужик		У репы самое вкусное — в земле. А медведь-то корешки просит!
novye-skazki/muzhik_1946pvh8.mp3	Мужик		Выросла репа! Медведю — вершки, ботву зелёную. А мне — корешки, репку сладкую!
novye-skazki/muzhik_14jiqj6k.mp3	Мужик		Уродилась пшеница! Мне — колосья с зерном, а медведю — корешки, солому одну.
novye-skazki/medved_nbx0aohn.mp3	Медведь		Ну, мужик! Опять обманул! Рассержусь — уйду в лес, и больше ты мою полянку не вспашешь!
novye-skazki/geroy_2a9v7748.mp3	герой (мысли)		Медведь обижен, мужик хитрит. Как сыграть третий раз?
novye-skazki/muzhik_w019utdp.mp3	Мужик		Сколько ни хитри — дружбы не нахитришь. Он и так уже обижен…
novye-skazki/muzhik_vt23kxa9.mp3	Мужик		Прогнать? Это же его полянка была… Нехорошо.
novye-skazki/muzhik_13wfcg8h.mp3	Мужик		И то правда. Хитрость два раза сработала — а третий раз пусть будет честным!
novye-skazki/medved_9ttk9why.mp3	Медведь		Р-р… Репа — пополам, зерно — пополам. Вот это дележ! Не сержусь больше, мужик.
novye-skazki/medved_etfchi32.mp3	Медведь		А тебе, Сказитель, — бочонок лесного мёду. Медок силы прибавляет.
novye-skazki/medved_164ceujl.mp3	Медведь	без «Сказителя»	А тебе, — бочонок лесного мёду. Медок силы прибавляет.
novye-skazki/soldat_1u8pwpsz.mp3	Солдат		Служба — службой, а каша — по расписанию! Бабка теперь сама зазывает прохожих: Сварю кашу хоть из топора!
novye-skazki/soldat_16x5quqs.mp3	Солдат		Здравия желаю, Сказитель! Иду со службы домой, проголодался. Попросился к бабке: Дай, хозяюшка, перекусить.
novye-skazki/soldat_1bj4ix7w.mp3	Солдат	без «Сказителя»	Здравия желаю! Иду со службы домой, проголодался. Попросился к бабке: Дай, хозяюшка, перекусить.
novye-skazki/babka_lic3rxp1.mp3	Бабка		Ох, служивый, и рада бы — да в доме хоть шаром покати. Сама третий день не ела!
novye-skazki/soldat_1ffa6tto.mp3	Солдат		В погребе у неё и крупа, и масло… Хитрит бабка. Ну, а мы похитрее! Сварим кашу… из топора!
novye-skazki/soldat_1hyl5j0t.mp3	Солдат		Топорик-то у меня есть. Ну что, Сказитель, — в котёл его?
novye-skazki/soldat_16ekre1s.mp3	Солдат	без «Сказителя»	Топорик-то у меня есть. Ну что, — в котёл его?
novye-skazki/babka_25zmlkof.mp3	Бабка		Каша из топора?! Сроду не видала. Ну-ка, ну-ка…
novye-skazki/soldat_1wnsxq3v.mp3	Солдат		Хороша каша, да жидковата… Что сказать бабке похитрее?
novye-skazki/soldat_1mbeyx29.mp3	Солдат		Хороша каша, да пресновата… Что сказать бабке похитрее?
novye-skazki/soldat_25qgljb0.mp3	Солдат		Хороша каша, да суховата… Что сказать бабке похитрее?
novye-skazki/babka_pqk7k0wr.mp3	Бабка		Ну и ешьте сами вашу топорную кашу!
novye-skazki/babka_1jhdf7i2.mp3	Бабка		Ишь чего захотел! Нету у меня такого, нету!
novye-skazki/babka_12wcbdli.mp3	Бабка		Ну, крупы горсточку найду…
novye-skazki/babka_65nsc3g8.mp3	Бабка		Ну, соли горсточку найду…
novye-skazki/babka_1i46pj2l.mp3	Бабка		Ну, масла горсточку найду…
novye-skazki/soldat_5dg7zk2q.mp3	Солдат		Пригорает! Ещё помешаем?
novye-skazki/babka_spvl200i.mp3	Бабка		Ай да каша! Из топора — а вкусная, наваристая!
novye-skazki/babka_1otcd962.mp3	Бабка		А топор-то когда есть будем?
novye-skazki/soldat_fu6xi37j.mp3	Солдат		Топор-то, бабушка, не доварился. В дороге доварю да на привале доем!
novye-skazki/babka_26nr2jor.mp3	Бабка		Ох и хитрец! А ведь и я хитрила… Стыдно мне. Возьми, Сказитель, скатерть-самобранку — у меня в сундуке лежала без дела. Расстелешь — и сыт, и весел.
novye-skazki/babka_1wia99uw.mp3	Бабка	без «Сказителя»	Ох и хитрец! А ведь и я хитрила… Стыдно мне. Возьми, скатерть-самобранку — у меня в сундуке лежала без дела. Расстелешь — и сыт, и весел.
novye-skazki/kot_25n9j95b.mp3	Кот		Мур-р! Живём втроём, дрова рубим по очереди. А Петушок теперь в окошко не выглядывает — сначала спрашивает Дрозда.
novye-skazki/kot_nbkszc6b.mp3	Кот		Здравствуй, Сказитель! Живём мы втроём: я, Дрозд да Петушок — золотой гребешок.
novye-skazki/kot_26ajwyju.mp3	Кот	без «Сказителя»	Здравствуй! Живём мы втроём: я, Дрозд да Петушок — золотой гребешок.
novye-skazki/kot_2a3c4v8q.mp3	Кот		Нам с Дроздом пора в лес — дрова рубить. А тут лиса повадилась: всё зовёт Петушка в окошко.
novye-skazki/kot_h7y5ktn5.mp3	Кот		Покарауль его, а? Коли лиса утащит — догоняй! А если в нору унесёт — сыграй у норы на гуслях: лиса любит музыку.
novye-skazki/lisa_1giucokg.mp3	Лиса		Петушок, петушок, золотой гребешок, масляна головушка, шёлкова бородушка! Выгляни в окошко — дам тебе горошку!
novye-skazki/geroy_17i9olij.mp3	герой (мысли)		Петушок вертит головой — так и тянется к окошку…
novye-skazki/petushok_1on0nvjs.mp3	Петушок		Ку-ка… Я только одним глазком! Горошку хочется…
novye-skazki/petushok_1z9009c4.mp3	Петушок		Я помню, помню… Но горошек такой круглый!
novye-skazki/petushok_9py37h9j.mp3	Петушок		Ну совсем-совсем чуточку!
novye-skazki/petushok_mvc1r8w9.mp3	Петушок		Горошку? Мне? Ку-ка-ре-ку!
novye-skazki/petushok_wkbe97nj.mp3	Петушок		Несёт меня лиса за тёмные леса, за быстрые реки, за высокие горы! Сказитель, выручи меня!
novye-skazki/petushok_1g8mdc72.mp3	Петушок	без «Сказителя»	Несёт меня лиса за тёмные леса, за быстрые реки, за высокие горы! Выручи меня!
novye-skazki/geroy_2eujof3n.mp3	герой (мысли)		Трень-брень, гусельки, золотые струночки… Ещё ли дома Лисафья-кума? Выйди, лиса, послушай!
novye-skazki/lisa_21acw8px.mp3	Лиса		Фальшиво играешь! Не выйду!
novye-skazki/lisa_180f4nsb.mp3	Лиса		Кто это так славно играет?..
novye-skazki/kot_126a9t2e.mp3	Кот		Вернулись мы из лесу — а Петушок цел-невредим! Трижды лиса его уносила — и трижды ты выручал.
novye-skazki/kot_11d9z2l4.mp3	Кот		Возьми мои гусли-самогуды: сами подсказывают пальцам, куда бить. Любая пляска и песня с ними — легче!
novye-skazki/ivan-tsarevich_qqay3kjq.mp3	Иван-царевич		Батюшка-царь радуется перу Жар-птицы: в палатах светло и без свечей. А Серый волк теперь и тебе служит — позови его.
novye-skazki/ivan-tsarevich_19lk5ik7.mp3	Иван-царевич		Здравствуй, Сказитель! Я Иван-царевич. Батюшка мой захворал: снится ему Жар-птица, что клевала золотые яблоки в нашем саду.
novye-skazki/ivan-tsarevich_smojij5x.mp3	Иван-царевич	без «Сказителя»	Здравствуй! Я Иван-царевич. Батюшка мой захворал: снится ему Жар-птица, что клевала золотые яблоки в нашем саду.
novye-skazki/ivan-tsarevich_1uuuvrzz.mp3	Иван-царевич		Поехал я её искать, да у этого камня беда: Направо поедешь — коня потеряешь. Налетел Серый волк — и коня моего съел!
novye-skazki/ivan-tsarevich_1bpffhnk.mp3	Иван-царевич		Говорят, волк убежал в Дремучий лес. Сыщи его… только не обижай: не со зла он, верно.
novye-skazki/ivan-tsarevich_2d8txqp8.mp3	Иван-царевич		Серый волк в Дремучем лесу, в логове у северной опушки. Ступай через портал!
novye-skazki/ivan-tsarevich_jpqrw5xn.mp3	Иван-царевич		Волк повинился? Чудно! Жар-птица ночью садится на дуб у Лукоморья. Дождись ночи у костра…
novye-skazki/ivan-tsarevich_1aqih63u.mp3	Иван-царевич		Перо Жар-птицы! Сама отдала — без клетки, без погони… Вот это чудо так чудо.
novye-skazki/seryy-volk_25tqlxbz.mp3	Серый волк		Служил я царевичу — послужу и тебе, Сказитель. Садись на меня верхом: я бегаю быстрее ветра — хоть в лесу, хоть в горах, хоть за Калиновым мостом.
novye-skazki/seryy-volk_96n7u6it.mp3	Серый волк	без «Сказителя»	Служил я царевичу — послужу и тебе. Садись на меня верхом: я бегаю быстрее ветра — хоть в лесу, хоть в горах, хоть за Калиновым мостом.
novye-skazki/zhar-ptitsa_224arpl0.mp3	Жар-птица		Курлы… Ты пришёл от Ивана-царевича? Я слышала: царь хворает и видит меня во сне.
novye-skazki/geroy_1qxot0ye.mp3	герой (мысли)		Рядом на ветке висит золотая клетка — словно сама в руки просится…
novye-skazki/zhar-ptitsa_f9v54bhb.mp3	Жар-птица		Ах! В клетке и солнце погаснет. Не надо так, Сказитель…
novye-skazki/zhar-ptitsa_hyi24vxi.mp3	Жар-птица	без «Сказителя»	Ах! В клетке и солнце погаснет. Не надо так…
novye-skazki/zhar-ptitsa_x4gwbl5l.mp3	Жар-птица		Подумай ещё.
novye-skazki/zhar-ptitsa_4fh3u75e.mp3	Жар-птица		Добрый ты. Возьми моё перо — пусть светит у царского изголовья. А я — вольная птица, мне в клетке не жить.
novye-skazki/masha_1lc3m5ac.mp3	Маша		Дедушка с бабушкой меня теперь одну в лес не пускают. А Мишке я пирожки сама отношу — с Жучкой!
novye-skazki/masha_1erkb1ld.mp3	Маша		Ой, здравствуй! Я Маша. Пошла с подружками по грибы, отстала да заблудилась… А тут избушка — и в ней медведь!
novye-skazki/masha_1q97jkdd.mp3	Маша		Говорит: Будешь у меня жить: печку топить, кашу варить. А я домой хочу, к дедушке с бабушкой!
novye-skazki/masha_1ehnbblv.mp3	Маша		Я придумала: напеку пирожков и попрошу Мишку отнести их в деревню. А сама — в короб спрячусь, под пирожки!
novye-skazki/masha_2d27x5dg.mp3	Маша		Ты иди рядом. Как медведь захочет на пенёк сесть да пирожок съесть, — крикни моим голоском: Вижу-вижу!
novye-skazki/masha_16mdxwr1.mp3	Маша		Ну что, сажаешь меня в короб?
novye-skazki/medved_iews66ti.mp3	Медведь		Отнесу пирожки старикам — и сразу назад. Смотри, Машенька, не балуй!
novye-skazki/medved_k37m7wjp.mp3	Медведь		Сяду на пенёк, съем пирожок…
novye-skazki/medved_q0wrrjip.mp3	Медведь		Хм, а что это короб такой тяжёлый?
novye-skazki/medved_1io7yh7v.mp3	Медведь		Ишь ты, какая глазастая! Высоко сидит, далеко глядит…
novye-skazki/medved_1o7cdk4a.mp3	Медведь		Всё видит! Ну и Маша!
novye-skazki/medved_16hxzroc.mp3	Медведь		И отсюда видит! Пойду уж скорей…
novye-skazki/zhuchka_17euy3vy.mp3	Жучка		Гав-гав-гав! Р-р-р!
novye-skazki/medved_1sy0zzbr.mp3	Медведь		Ой-ой! Собаки!
novye-skazki/dedushka_21lfgsa9.mp3	Дедушка		Глядь — короб у ворот! Открыли, а там — Машенька, жива-здорова!
novye-skazki/dedushka_yl03evtg.mp3	Дедушка		Спасибо, Сказитель. Заходи в гости — бабка пирожков напечёт.
novye-skazki/dedushka_1bwji4ap.mp3	Дедушка	без «Сказителя»	Спасибо. Заходи в гости — бабка пирожков напечёт.
novye-skazki/koza_14aramrh.mp3	Коза		Все семеро дома, все целы! Спасибо, что не отпер серому. Ме-е!
novye-skazki/koza_1r6u8c0s.mp3	Коза		Я в лесу травку щиплю… Стереги дверь!
novye-skazki/koza_k8gagnet.mp3	Коза		Ме-е! Здравствуй, Сказитель. Ухожу я в лес — травку щипать, молочко копить. Козлятки мои одни остаются.
novye-skazki/koza_8o3a1fqh.mp3	Коза	без «Сказителя»	Ме-е! Здравствуй. Ухожу я в лес — травку щипать, молочко копить. Козлятки мои одни остаются.
novye-skazki/koza_13sc8vo7.mp3	Коза		Отпирать — только мне. А я пою тоненько: Козлятушки, ребятушки, отопритеся, отворитеся! Ваша мать пришла — молочка принесла!
novye-skazki/koza_ojwtucd8.mp3	Коза		Покарауль у двери, а? Волк тут ходит, хитрый да голодный.
novye-skazki/volk_o0wvp7hu.mp3	Волк		Ага-а!
novye-skazki/geroy_28t6dhok.mp3	герой (мысли)		Сказка — дело поправимое. Попробуем ещё раз, внимательнее!
novye-skazki/tuk-tuk_2chr0z01.mp3	Тук-тук!		Козлятушки, ребятушки, отопритеся, отворитеся! Ваша мать пришла — молочка принесла!
novye-skazki/geroy_1eodvmfc.mp3	герой (мысли)		Голос вроде слова те же… а голос толстый.
novye-skazki/geroy_28qy7vvg.mp3	герой (мысли)		Голосок тоненький, песня верная… Но ведь волк хитёр.
novye-skazki/geroy_elqjwb9g.mp3	герой (мысли)		Лапа серая…
novye-skazki/volk_v5jtbrt8.mp3	Волк		Р-р! Раскусили…
novye-skazki/geroy_uyltf3gv.mp3	герой (мысли)		Опять стучат…
novye-skazki/koza_1itbnc2y.mp3	Коза		Ме-е! Да это же я, ваша мать! Покажу лапку — проверьте!
novye-skazki/geroy_1hpg9q98.mp3	герой (мысли)		Копытце белое, рожки родные…
novye-skazki/koza_1vmwvhgo.mp3	Коза		Ме-е-е! Все семеро целы! Не отперли серому — ни грубому голосу, ни серой лапе.
novye-skazki/koza_1lip0563.mp3	Коза		Вот и молочко — пейте, козлятушки. А волк пусть знает: в нашу дверь хитростью не войти!
novye-skazki/seryy-volk_2b0eu0w7.mp3	Серый волк		Ступай, Сказитель. Ночью Жар-птица на дубе в Лукоморье. Бери без клетки!
novye-skazki/seryy-volk_29w5bygu.mp3	Серый волк	без «Сказителя»	Ступай. Ночью Жар-птица на дубе в Лукоморье. Бери без клетки!
novye-skazki/seryy-volk_1h1f1anp.mp3	Серый волк		Знаю, зачем пришёл… Съел я коня Ивана-царевича. Забудки весь лес выели — три дня не ел. Стыдно мне.
novye-skazki/geroy_1v07ff12.mp3	герой (мысли)		Что скажешь Серому волку?
novye-skazki/seryy-volk_lwfg88ia.mp3	Серый волк		Прогонишь — а кто царевичу поможет?.. Подумай, Сказитель.
novye-skazki/seryy-volk_2615cleg.mp3	Серый волк	без «Сказителя»	Прогонишь — а кто царевичу поможет?.. Подумай.
novye-skazki/seryy-volk_z5u3yr7y.mp3	Серый волк		Прощаешь? Тогда слушай. Жар-птица ночью прилетает на дуб в Лукоморье. Рядом висит золотая клетка — не трогай её! Бери без клетки, по-доброму.
novye-skazki/seryy-volk_1b5l8llk.mp3	Серый волк		А я побегу к царевичу — повинюсь и ему.
novye-skazki/dedushka_onzgtryl.mp3	Дедушка		Машенька дома — и нам радость!
novye-skazki/dedushka_27bz6229.mp3	Дедушка		Внучка наша Машенька в лесу заблудилась… Ищем, ищем — найти не можем.
novye-skazki/volk_8m4f57nw.mp3	Волк		Теперь я с удочкой! Хвост — для красоты, а рыба — для ухи. Спасибо, Сказитель.
novye-skazki/volk_573w1b8t.mp3	Волк	без «Сказителя»	Теперь я с удочкой! Хвост — для красоты, а рыба — для ухи. Спасибо.
novye-skazki/lisa_2bub68uv.mp3	Лиса		Здравствуй! А я Волчка-братца рыбу ловить учу. Опусти, говорю, хвост в прорубь и приговаривай: Ловись, рыбка, и мала, и велика!
novye-skazki/geroy_2g9yt22a.mp3	герой (мысли)		Мороз трещит, прорубь затягивает ледком…
novye-skazki/volk_1x82wi7g.mp3	Волк		Не мешай! Лиса дело говорит — вон сколько рыбы натаскала…
novye-skazki/volk_1h99tljk.mp3	Волк		Ловись, рыбка, и мала, и велика…
novye-skazki/volk_1gkvczu1.mp3	Волк		Ой-ой! Хвост в прорубь вмёрз! А лиса — убежала… Сказитель, выручай: отбей лёд!
novye-skazki/volk_230ndsqy.mp3	Волк	без «Сказителя»	Ой-ой! Хвост в прорубь вмёрз! А лиса — убежала… Выручай: отбей лёд!
novye-skazki/volk_2f4owvy0.mp3	Волк		Отбей лёд! Бей посильнее — три раза!
novye-skazki/geroy_26eqcgy4.mp3	герой (мысли)		Хвостом рыбу не ловят. Давай-ка смастерим удочку — и в лад, без спешки!
novye-skazki/volk_2etkwj8c.mp3	Волк		Сорвалась! Ещё разок?
novye-skazki/volk_21d39jie.mp3	Волк		Ловим дальше?
novye-skazki/volk_2fk32y9i.mp3	Волк		Три рыбины! Своими лапами — да честной удочкой. Вот это рыбалка!
novye-skazki/lisa_1g2e9t9d.mp3	Лиса		Ну… я ж пошутить хотела…
novye-skazki/byk_2ade2t3k.mp3	Бык		Бык — рогами, баран — лбом, свинья — визгом, гусь — щипком, петух — криком! А Сказитель — словом. Прогнали забудок!
novye-skazki/byk_1pzxs2tv.mp3	Бык		Держи овчинный тулуп — баран свою шерсть не пожалел. В тулупе хоть какая зима — не страшна!
novye-skazki/byk_mgtphzvu.mp3	Бык		Зимуем! Тепло, сухо, и петух по утрам будит. Заходи погреться!
novye-skazki/byk_k34fg1rw.mp3	Бык		Волки-забудки близко! Бей их, Сказитель, — мы поможем!
novye-skazki/byk_24r0gjb5.mp3	Бык	без «Сказителя»	Волки-забудки близко! Бей их, — мы поможем!
novye-skazki/byk_1a7vy8e4.mp3	Бык		Му-у! Зима на носу. Ушли мы от хозяина: я, Баран, Свинья, Гусь да Петух. Давайте, говорю, зимовье строить!
novye-skazki/byk_1bjaye2z.mp3	Бык		Баран: У меня шуба тёплая. Свинья: Я в землю зароюсь. Гусь: Я в ель заберусь. Петух: И я.
novye-skazki/byk_1w3oaj6e.mp3	Бык		Ну и ладно — построю сам. Только помоги собрать: три бревна, два клочка мха да ком глины.
novye-skazki/byk_293gw00z.mp3	Бык		Брёвна раскатились! Ещё раз?
novye-skazki/byk_220lej1x.mp3	Бык		Готово зимовье! Тут и Баран прибежал, и Свинья, и Гусь с Петухом: Пусти погреться! — Пущу, да все вместе и защищать будем!
novye-skazki/byk_26afiaw2.mp3	Бык		Волки-забудки идут! Встанем дружно!
novye-skazki/kroshechka-havroshechka_vbvy6nt4.mp3	Крошечка-Хаврошечка		Яблонька моя растёт, золотые и серебряные яблочки светятся. Сёстры теперь со мной дружат — не подглядывают!
novye-skazki/kroshechka-havroshechka_29790z19.mp3	Крошечка-Хаврошечка		Здравствуй! Я Крошечка-Хаврошечка. Живу у мачехи, работы — на троих: соткать, выбелить, в трубы скатать.
novye-skazki/kroshechka-havroshechka_1etdiw2m.mp3	Крошечка-Хаврошечка		Выручает меня коровушка Бурёнушка: влезу ей в одно ушко, вылезу в другое — и всё готово!
novye-skazki/kroshechka-havroshechka_1k3rzo8m.mp3	Крошечка-Хаврошечка		Да мачеха шлёт своих дочек подглядывать: Одноглазку, Двуглазку и Трёхглазку. Убаюкай их песенкой, а? Только все глаза — до единого!
novye-skazki/kroshechka-havroshechka_escfx321.mp3	Крошечка-Хаврошечка		Коровушка шепнула: посади у ворот зёрнышко — вырастет яблонька, всем на радость.
novye-skazki/kroshechka-havroshechka_48rv18fs.mp3	Крошечка-Хаврошечка		Выросла! Листья серебряные, яблочки наливные — и золотые, и серебряные. Сорвать никто силой не может, а добрым рукам — само в ладони падает.
novye-skazki/odnoglazka_3fkz68fi.mp3	Одноглазка		Сначала сестрицу убаюкай!
novye-skazki/dvuglazka_1ta5o726.mp3	Двуглазка		Сначала сестрицу убаюкай!
novye-skazki/tryohglazka_458yfr92.mp3	Трёхглазка		Сначала сестрицу убаюкай!
novye-skazki/odnoglazka_17eb6zyx.mp3	Одноглазка		Хр-р…
novye-skazki/dvuglazka_ofeqhsgz.mp3	Двуглазка		Хр-р…
novye-skazki/tryohglazka_n9gdz570.mp3	Трёхглазка		Хр-р…
novye-skazki/odnoglazka_156w6o8x.mp3	Одноглазка		Чего тебе?
novye-skazki/dvuglazka_c41wtpz1.mp3	Двуглазка		Чего тебе?
novye-skazki/tryohglazka_yavlqb7o.mp3	Трёхглазка		Чего тебе?
novye-skazki/odnoglazka_3wj1qxt1.mp3	Одноглазка		Ага, расскажу матушке!
novye-skazki/dvuglazka_4omxmnd2.mp3	Двуглазка		Ага, расскажу матушке!
novye-skazki/tryohglazka_66rrvyii.mp3	Трёхглазка		Ага, расскажу матушке!
novye-skazki/odnoglazka_29y8xxg1.mp3	Одноглазка		Не-ет, не сплю! Всё вижу!
novye-skazki/dvuglazka_27jeawj0.mp3	Двуглазка		Не-ет, не сплю! Всё вижу!
novye-skazki/tryohglazka_bitjiwil.mp3	Трёхглазка		Не-ет, не сплю! Всё вижу!
novye-skazki/buryonushka_cqp382oq.mp3	Бурёнушка		Му-у… Все спят? Ну, Хаврошечка, полезай в одно ушко, а в другое вылезай!
novye-skazki/kroshechka-havroshechka_278g3k89.mp3	Крошечка-Хаврошечка		Соткано, выбелено, в трубы скатано! Спасибо, Бурёнушка! И тебе, Сказитель.
novye-skazki/kroshechka-havroshechka_n30focz4.mp3	Крошечка-Хаврошечка	без «Сказителя»	Соткано, выбелено, в трубы скатано! Спасибо, Бурёнушка! И тебе.
novye-skazki/marya-morevna_1735axne.mp3	Марья Моревна		Меч при мне, тени разбежались. Носи шапку-невидимку с честью, Сказитель!
novye-skazki/marya-morevna_gak9653p.mp3	Марья Моревна	без «Сказителя»	Меч при мне, тени разбежались. Носи шапку-невидимку с честью!
novye-skazki/marya-morevna_1elnzamq.mp3	Марья Моревна		Я — Марья Моревна, прекрасная королевна. Ехала я на забудок войной, да пока спала в шатре, Кощеевы тени утащили мой меч!
novye-skazki/marya-morevna_1puhtiq6.mp3	Марья Моревна		Заперли его в сундук у замка и сторожат втроём. Принеси мне меч, Сказитель.
novye-skazki/marya-morevna_lowyt0vf.mp3	Марья Моревна	без «Сказителя»	Заперли его в сундук у замка и сторожат втроём. Принеси мне меч.
novye-skazki/marya-morevna_i0mii3o8.mp3	Марья Моревна		Только запомни: в чулан мой — не заглядывай! Что бы оттуда ни просили.
novye-skazki/marya-morevna_1jz614l8.mp3	Марья Моревна		Меч в сундуке у замка. Тени стерегут его — одолей их!
novye-skazki/marya-morevna_nps7252m.mp3	Марья Моревна		Ты всё-таки заглянул в чулан… Ну да ты же и справился с тенью. Запомни: запрет в сказке — не просто так.
novye-skazki/marya-morevna_2dj6anla.mp3	Марья Моревна		Ты не заглянул в чулан — сдержал слово! Там томилась Кощеева тень: дай ей воды — она бы силу набрала.
novye-skazki/marya-morevna_mdolwtlv.mp3	Марья Моревна		Мой меч снова со мной. А тебе — шапка-невидимка: надень, и враги заметят тебя только вблизи.
novye-skazki/golos-iz-chulana_27bhxjep.mp3	Голос из чулана		Добрый молодец… дай водицы испить… третий год без воды…
novye-skazki/geroy_9w1dd2ke.mp3	герой (мысли)		Марья Моревна велела в чулан не заглядывать…
novye-skazki/koscheeva-ten_77h9cnfe.mp3	Кощеева тень		Ха-ха! Испил водицы — силы набрался!
novye-skazki/geroy_1hu5aau7.mp3	герой (мысли)		Тени ещё стерегут сундук…
novye-skazki/solovey-razboynik_13l2edb8.mp3	Соловей-разбойник		Ой-ой! Пощади, богатырь! Тридцать лет свищу — никто дуб мой не качнул!
novye-skazki/ilya-muromets_27c9qg3k.mp3	Илья Муромец		Что скажет Илья Муромец Соловью-разбойнику?
novye-skazki/solovey-razboynik_8jieck3g.mp3	Соловей-разбойник		Простишь?!
novye-skazki/solovey-razboynik_r7bc41h8.mp3	Соловей-разбойник		Возьми мои сапоги-скороходы, богатырь. Я в них от погони уходил — а ты в них к добру поспевай.
novye-skazki/solovey-razboynik_1rdyr7i9.mp3	Соловей-разбойник		Эх, в Киев так в Киев… Только князю я по-соловьиному свистну, не по-разбойничьи. А сапоги-скороходы — тебе, богатырь: мне в Киеве бегать некуда.
novye-skazki/byk_21l3ugtc.mp3	Бык		Ещё не всё…
novye-skazki/byk_22zu3c5x.mp3	Бык		Брёвна 0/3
novye-skazki/byk_1nffh8g2.mp3	Бык		Брёвна 1/3
novye-skazki/byk_id9d5q6s.mp3	Бык		Брёвна 2/3
novye-skazki/byk_237ch7bh.mp3	Бык		Брёвна 3/3
novye-skazki/byk_17g1zhoz.mp3	Бык		мох 0/2
novye-skazki/byk_ehula310.mp3	Бык		мох 1/2
novye-skazki/byk_1a7ra7az.mp3	Бык		мох 2/2
novye-skazki/byk_20zq69gb.mp3	Бык		глина 0/1
novye-skazki/byk_219m5xsf.mp3	Бык		глина 1/1
novye-skazki/kroshechka-havroshechka_16ex66ex.mp3	Крошечка-Хаврошечка		Спят: 0/3. Как уснут все три — я к коровушке.
novye-skazki/kroshechka-havroshechka_25voib25.mp3	Крошечка-Хаврошечка		Спят: 1/3. Как уснут все три — я к коровушке.
novye-skazki/kroshechka-havroshechka_1f3545vj.mp3	Крошечка-Хаврошечка		Спят: 2/3. Как уснут все три — я к коровушке.
novye-skazki/kroshechka-havroshechka_q71gsiq0.mp3	Крошечка-Хаврошечка		Спят: 3/3. Как уснут все три — я к коровушке.
kalinov-most/ilya-muromets_hrhkc723.mp3	Илья Муромец		Здравствуй, добрый человек. Я Илья, сын Иванович, из села Карачарова.
kalinov-most/ilya-muromets_1ms0ktno.mp3	Илья Муромец		Тридцать лет и три года сижу сиднем: ни рукой, ни ногой. А за рекой Смородиной Змей Горыныч мост держит — никого не пускает…
kalinov-most/ilya-muromets_1pd35457.mp3	Илья Муромец		Говорят, поднять меня может только живая вода. Да где ж её взять…
kalinov-most/ilya-muromets_21vgcmw9.mp3	Илья Муромец		Живая вода… Она, сказывают, у Морского царя на дне морском.
kalinov-most/ilya-muromets_2445qub1.mp3	Илья Муромец		Чую в себе силушку великую! Кабы был столб до неба — повернул бы всю землю!
kalinov-most/ilya-muromets_23cxmb7e.mp3	Илья Муромец		Спасибо тебе, Сказитель. Сила моя — не для хвастовства, а чтоб слабых защищать. Пойдём к Калинову мосту!
kalinov-most/ilya-muromets_k7nhiota.mp3	Илья Муромец	без «Сказителя»	Спасибо тебе. Сила моя — не для хвастовства, а чтоб слабых защищать. Пойдём к Калинову мосту!
kalinov-most/ilya-muromets_1khww4oj.mp3	Илья Муромец		Застава богатырская у моста — дело хорошее. Горыныч сторожит, а я в гости захаживаю.
kalinov-most/ilya-muromets_lccb372o.mp3	Илья Муромец		Идём к мосту! Огненную голову я на себя возьму.
kalinov-most/kamen-u-mosta_nf3y8en8.mp3	Камень у моста		Здесь, на реке Смородине, стоит Калинов мост. Сторожит его страж — ГОРЫНЫЧ, сын горы. Не разбойник он, а сторожевой змей: пропускает добрых, не пускает злых.
kalinov-most/kamen-u-mosta_fq5onp5c.mp3	Камень у моста		Ниже нацарапано: Кто имя стражу напомнит — тот и пройдёт.
kalinov-most/zmey-gorynych_1dx81lt1.mp3	Змей Горыныч		ХА-ХА-ХА! Кто там? Ступай прочь, пока цел! Через Калинов мост не пройдёт никто!
kalinov-most/zmey-gorynych_2dxoh14z.mp3	Змей Горыныч		Кто идёт по Калинову мосту?!
kalinov-most/zmey-gorynych_cq77rk05.mp3	Змей Горыныч		Нас трое — три головы. Каждая испытает тебя по-своему. Пройдёшь все три — пропустим. Нет — ступай домой!
kalinov-most/golova-zagadochnitsa_8i55409w.mp3	Голова-загадочница		Я — голова-загадочница. Три загадки — Закон трёх! Ошибёшься — начнём сначала.
kalinov-most/golova-zagadochnitsa_2exd5fnw.mp3	Голова-загадочница		Хо-хо! Мимо! Сначала!
kalinov-most/golova-zagadochnitsa_22hlizyn.mp3	Голова-загадочница		Ишь, умник… Ладно, моя взяла — то есть твоя. Пропускаю!
kalinov-most/golova-ognennaya_q3e7gjfe.mp3	Голова огненная		А я — голова огненная! Силой меряться будем! Как пригнусь пламенем дохнуть — тут и бей. Только богатырь меня одолеет.
kalinov-most/golova-ognennaya_1nge44dh.mp3	Голова огненная		Огонь мой — прикрывайся щитом или отходи в сторону!
kalinov-most/golova-hitraya_qjzoylf5.mp3	Голова хитрая		А я — голова хитрая. Скажи-ка мне, Сказитель… кто я такой? Как меня зовут? Я… я и сам забыл. Забудки съели.
kalinov-most/golova-hitraya_1x70hhza.mp3	Голова хитрая	без «Сказителя»	А я — голова хитрая. Скажи-ка мне… кто я такой? Как меня зовут? Я… я и сам забыл. Забудки съели.
kalinov-most/golova-hitraya_23xvr7me.mp3	Голова хитрая		Ну? Кто я?
kalinov-most/golova-hitraya_19vw1kb7.mp3	Голова хитрая		Вот и я не знаю… Прочти-ка камень у моста — там что-то написано.
kalinov-most/golova-hitraya_gb918659.mp3	Голова хитрая		Не-ет… Не то. Не чую я этого имени в себе.
kalinov-most/zmey-gorynych_ioeu9byr.mp3	Змей Горыныч		Горыныч… Страж Калинова моста… ВСПОМНИЛ! Мы не разбойники — мы сторожим мост, чтоб злые не прошли. А забудки нашептали, будто мы всех ненавидим.
kalinov-most/zmey-gorynych_6w3s7dvt.mp3	Змей Горыныч		Прости, Сказитель. Проходи. И друзей своих зови — путь открыт для добрых.
kalinov-most/zmey-gorynych_1przgrdm.mp3	Змей Горыныч	без «Сказителя»	Прости. Проходи. И друзей своих зови — путь открыт для добрых.
kalinov-most/zmey-gorynych_208wfls1.mp3	Змей Горыныч		А вот тебе слово заветное — имя нашей реки. Огненная она, да не злая: отделяет сказку от яви, мир живых от тёмного царства. Река Смородина.
kalinov-most/ivan_s4rfy28m.mp3	Иван		Ну, братцы, вот мы и вместе! Дураку везёт — а с вами и подавно.
kalinov-most/vasilisa-premudraya_20dcylnz.mp3	Василиса Премудрая		Сила — у Ильи, крылья — у Финиста, удача — у Ивана, а у меня — премудрость. Вместе мы — целая сказка.
kalinov-most/finist-yasnyy-sokol_1x5hwj4h.mp3	Финист — Ясный Сокол		С высоты видно всё Тридевятое: лес, горы, реки, море — и всё снова в красках.
kalinov-most/ilya-muromets_1rzc4a4z.mp3	Илья Муромец		Тридцать лет и три года сидел я сиднем… Живая вода подняла меня, а вы научили: сила служит добру. Буду стоять заставой у Калинова моста — вместе с Горынычем.
kalinov-most/zmey-gorynych_1suai177.mp3	Змей Горыныч		А можно и мне пирожок? Я теперь страж, а не разбойник…
kalinov-most/skazitel_2999u7th.mp3	Сказитель		И был пир на весь мир. А Сказитель записал в Книгу: Когда герои вместе — никакая забудка не страшна.
kalinov-most/zmey-gorynych_cm45ot30.mp3	Змей Горыныч		Стережём мост, Сказитель! Добрым — дорога, злым — от ворот поворот.
kalinov-most/zmey-gorynych_1x5xd67l.mp3	Змей Горыныч	без «Сказителя»	Стережём мост! Добрым — дорога, злым — от ворот поворот.
kalinov-most/golova-zagadochnitsa_143g2ccf.mp3	Голова-загадочница		Загадка 1: Что в огне не горит и в воде не тонет?
kalinov-most/golova-zagadochnitsa_25p7f3mj.mp3	Голова-загадочница		Загадка 2: Без рук, без ног, а ворота отворяет.
kalinov-most/golova-zagadochnitsa_34l32cgb.mp3	Голова-загадочница		Загадка 3: Течёт-течёт — не вытечет, бежит-бежит — не выбежит.
dremuchiy-les/baba-yaga_171jwiac.mp3	Баба-Яга		Фу-фу-фу! Русским духом пахнет… Кто таков? Зачем пожаловал — дело пытаешь аль от дела лытаешь?
dremuchiy-les/baba-yaga_k2iafdaj.mp3	Баба-Яга		Ох… а сама-то я кто? Стою, помню — костяная нога, ступа, помело… а имени не помню! Забудки съели.
dremuchiy-les/baba-yaga_17wgxohr.mp3	Баба-Яга		Без имени и избушка меня не слушает, и лес серый, как зола.
dremuchiy-les/baba-yaga_257csff9.mp3	Баба-Яга		Поможешь бабушке?
dremuchiy-les/baba-yaga_u7h8ns7e.mp3	Баба-Яга		Хе-хе! Раньше бы съела. А теперь и рецепт забыла. Не бойся, касатик.
dremuchiy-les/baba-yaga_2at21uj9.mp3	Баба-Яга		Имя моё рассыпалось на три буквы-руны. Одна — у старого пня, его забудки стерегут.
dremuchiy-les/baba-yaga_27yz0rdj.mp3	Баба-Яга		Другая — на мышиной поляне, там нынче летучие мыши шалят. Её только Сказительским взглядом углядишь.
dremuchiy-les/baba-yaga_29lds30i.mp3	Баба-Яга		А третью Леший уволок — он тут хозяин. Только смотри: Леший водит, с тропы сбивает!
dremuchiy-les/baba-yaga_23byg88q.mp3	Баба-Яга		Принёс руны? Вижу 0 из трёх. Ищи ещё: у старого пня.
dremuchiy-les/baba-yaga_lxmcug5b.mp3	Баба-Яга		Принёс руны? Вижу 0 из трёх. Ищи ещё: на мышиной поляне.
dremuchiy-les/baba-yaga_14u2bple.mp3	Баба-Яга		Принёс руны? Вижу 0 из трёх. Ищи ещё: у старого пня, на мышиной поляне.
dremuchiy-les/baba-yaga_1gxe6okw.mp3	Баба-Яга		Принёс руны? Вижу 0 из трёх. Ищи ещё: у Лешего.
dremuchiy-les/baba-yaga_17a8i52m.mp3	Баба-Яга		Принёс руны? Вижу 0 из трёх. Ищи ещё: у старого пня, у Лешего.
dremuchiy-les/baba-yaga_4xfbd0i4.mp3	Баба-Яга		Принёс руны? Вижу 0 из трёх. Ищи ещё: на мышиной поляне, у Лешего.
dremuchiy-les/baba-yaga_2bm88it8.mp3	Баба-Яга		Принёс руны? Вижу 0 из трёх. Ищи ещё: у старого пня, на мышиной поляне, у Лешего.
dremuchiy-les/baba-yaga_19ouwgls.mp3	Баба-Яга		Принёс руны? Вижу 1 из трёх. Ищи ещё: у старого пня.
dremuchiy-les/baba-yaga_mu46tdig.mp3	Баба-Яга		Принёс руны? Вижу 1 из трёх. Ищи ещё: на мышиной поляне.
dremuchiy-les/baba-yaga_4jhtxsqk.mp3	Баба-Яга		Принёс руны? Вижу 1 из трёх. Ищи ещё: у старого пня, на мышиной поляне.
dremuchiy-les/baba-yaga_xdixouk8.mp3	Баба-Яга		Принёс руны? Вижу 1 из трёх. Ищи ещё: у Лешего.
dremuchiy-les/baba-yaga_ql1x350b.mp3	Баба-Яга		Принёс руны? Вижу 1 из трёх. Ищи ещё: у старого пня, у Лешего.
dremuchiy-les/baba-yaga_2frgbjzh.mp3	Баба-Яга		Принёс руны? Вижу 1 из трёх. Ищи ещё: на мышиной поляне, у Лешего.
dremuchiy-les/baba-yaga_mq9erv2e.mp3	Баба-Яга		Принёс руны? Вижу 1 из трёх. Ищи ещё: у старого пня, на мышиной поляне, у Лешего.
dremuchiy-les/baba-yaga_h8vmdv1y.mp3	Баба-Яга		Принёс руны? Вижу 2 из трёх. Ищи ещё: у старого пня.
dremuchiy-les/baba-yaga_s8u3o034.mp3	Баба-Яга		Принёс руны? Вижу 2 из трёх. Ищи ещё: на мышиной поляне.
dremuchiy-les/baba-yaga_1em0v73f.mp3	Баба-Яга		Принёс руны? Вижу 2 из трёх. Ищи ещё: у старого пня, на мышиной поляне.
dremuchiy-les/baba-yaga_6w86n4yc.mp3	Баба-Яга		Принёс руны? Вижу 2 из трёх. Ищи ещё: у Лешего.
dremuchiy-les/baba-yaga_1upen9z2.mp3	Баба-Яга		Принёс руны? Вижу 2 из трёх. Ищи ещё: у старого пня, у Лешего.
dremuchiy-les/baba-yaga_13qyiwev.mp3	Баба-Яга		Принёс руны? Вижу 2 из трёх. Ищи ещё: на мышиной поляне, у Лешего.
dremuchiy-les/baba-yaga_zzr1iqvm.mp3	Баба-Яга		Принёс руны? Вижу 2 из трёх. Ищи ещё: у старого пня, на мышиной поляне, у Лешего.
dremuchiy-les/baba-yaga_qtdoulh7.mp3	Баба-Яга		Три руны! Ну-ка, сложи их в имя, а я послушаю — откликнется ли сердце.
dremuchiy-les/baba-yaga_3ppb1aii.mp3	Баба-Яга		Как меня зовут?
dremuchiy-les/baba-yaga_1p7sj5jp.mp3	Баба-Яга		Не то… не моё. Попробуй иначе.
dremuchiy-les/baba-yaga_p0l5orxu.mp3	Баба-Яга		Яга! Баба-Яга, костяная нога! ВСПОМНИЛА! Ох, как в голове-то звонко!
dremuchiy-les/baba-yaga_19umaph8.mp3	Баба-Яга		Ой… а избушка-то моя! Она ведь тоже меня забыла — слышишь, как топочет? Сорвалась с места!
dremuchiy-les/baba-yaga_3r1ahzuz.mp3	Баба-Яга		А в ней гостья моя заперта — Василиса Премудрая. Пришла мне помочь, да избушка её не выпускает!
dremuchiy-les/baba-yaga_21rmpoud.mp3	Баба-Яга		Избушку не бей — она не злая, напуганная. Как топнет три раза — устанет и присядет. Тут подбеги и скажи заветные слова!
dremuchiy-les/baba-yaga_1xryext9.mp3	Баба-Яга		Успокой избушку! Три топота — присядет — тогда F и слова: Избушка, избушка, повернись к лесу задом, ко мне передом!
dremuchiy-les/baba-yaga_2e6qnztt.mp3	Баба-Яга		Спасибо, касатик. Заходи на пироги — печь я вспомнила как топить. А портал теперь ведёт и в Ледяные горы — к Морозко.
dremuchiy-les/leshiy_12vzawje.mp3	Леший		Ух-ху-ху! Весело было! Заходи ещё — в прятки поиграем.
dremuchiy-les/leshiy_4ehsba7i.mp3	Леший		У-у-у! Кто по моему лесу ходит? Руну ищешь? Ха! Пойдём, покажу тропинку… налево… направо… кругом…
dremuchiy-les/leshiy_29qu0w6w.mp3	Леший		Опять ты? Пойдём, пойдём… я тропинку знаю…
dremuchiy-les/geroy_1gcxvykd.mp3	герой (мысли)		Что делать? Леший опять водит…
dremuchiy-les/leshiy_2fsv9xc1.mp3	Леший		Пущу, пущу… вон туда… ху-ху!
dremuchiy-les/leshiy_9q8qxmkc.mp3	Леший		Мечом? Деревья мечом не испугаешь! Ху-ху-ху!
dremuchiy-les/leshiy_ul45bb9g.mp3	Леший		Ох-хо-хо! Рубаху наизнанку вывернул! Знаешь старое правило — теперь меня не обманешь.
dremuchiy-les/leshiy_2and9t63.mp3	Леший		Ладно, руна твоя… если найдёшь меня! Я спрячусь за одной из трёх елей у Лесной опушки. Глаза мои только Сказительский взгляд видит!
dremuchiy-les/leshiy_1nw5waps.mp3	Леший		Нашёл! Ох, глазастый! Ну, держи руну — честно выиграл.
dremuchiy-les/vasilisa-premudraya_21fm7wbg.mp3	Василиса Премудрая		Наконец-то! Спасибо тебе. Я — Василиса Премудрая. Шла Бабе-Яге имя вернуть, да избушка испугалась и заперла меня.
dremuchiy-les/vasilisa-premudraya_1hgg0r4d.mp3	Василиса Премудрая		Вижу — ты Сказитель. Ты помнишь сказки, и они оживают. Я пойду с тобой: у меня волшебные огоньки-клубочки — они сами найдут цель.
dremuchiy-les/vasilisa-premudraya_1pa7othv.mp3	Василиса Премудрая		А ещё я знаю Премудрость: подлечу и подскажу дорогу.
dremuchiy-les/baba-yaga_g6kptyiw.mp3	Баба-Яга		Вот тебе за доброту слово заветное — Навь. Так зовётся тот край, где живут сказки и предки наши. Без него Сказителю никак.
koscheevo-tsarstvo/schuka_2d2b4d91.mp3	Щука		Иван! Помнишь, ты меня в море отпустил? Долг платежом красен — держи яйцо!
koscheevo-tsarstvo/ivan_cjz48bbr.mp3	Иван?		Я — Иван! Самый настоящий!
koscheevo-tsarstvo/ivan_1zw5t7dm.mp3	Иван?		Иван я, Иван. Не видишь, что ли?
koscheevo-tsarstvo/ivan_1hd39dsc.mp3	Иван?		Кто, я? Иван. А ты кто?
koscheevo-tsarstvo/ivan_906t1m3r.mp3	Иван?		Здравствуй! Я — Иван, хозяин этих мест.
koscheevo-tsarstvo/ivan_16v4359o.mp3	Иван		Не смотри на меня так! Я… я правда Иван. Местный. Меня Кощей не тронул — я ему сказки рассказывал.
koscheevo-tsarstvo/staryy-selyanin_kokginbi.mp3	Старый селянин		Ох, спасибо, Сказитель! Кощей наслал на деревню мороков — двойников, чтоб никто не знал, кто настоящий. Мы и сами забыли, кто мы.
koscheevo-tsarstvo/staryy-selyanin_gcikr4on.mp3	Старый селянин	без «Сказителя»	Ох, спасибо! Кощей наслал на деревню мороков — двойников, чтоб никто не знал, кто настоящий. Мы и сами забыли, кто мы.
koscheevo-tsarstvo/staryy-selyanin_f60qdy6c.mp3	Старый селянин		Даже имя нашего царства забыли! Да я вспомнил — от тебя, видать, память вернулась: Тридевятое! За тридевять земель, в тридесятом царстве…
koscheevo-tsarstvo/staryy-selyanin_2uki2hj7.mp3	Старый селянин		А Кощея не победить, пока смерть его цела. Смерть его — на конце иглы, игла — в яйце, яйцо — в утке, утка — в зайце, заяц — в сундуке, а сундук на дубе висит. Вон тот дуб, к востоку!
koscheevo-tsarstvo/staryy-selyanin_1nya8xc5.mp3	Старый селянин		Сундук — на дубе, к востоку. Бей по нему, пока не упадёт!
koscheevo-tsarstvo/koschey-bessmertnyy_ak3ahzmg.mp3	Кощей Бессмертный		Ну… вот и всё. Ломай. Все ломают. Сказка всегда так кончается.
koscheevo-tsarstvo/koschey-bessmertnyy_1zb0wbn2.mp3	Кощей Бессмертный		Но сперва ответь, Сказитель… Я тысячу лет искал ответ. Что сильнее смерти?
koscheevo-tsarstvo/koschey-bessmertnyy_20b76rzy.mp3	Кощей Бессмертный	без «Сказителя»	Но сперва ответь… Я тысячу лет искал ответ. Что сильнее смерти?
koscheevo-tsarstvo/koschey-bessmertnyy_es48y6rk.mp3	Кощей Бессмертный		Что сильнее смерти?
koscheevo-tsarstvo/koschey-bessmertnyy_17kek7zi.mp3	Кощей Бессмертный		Нет… Это я пробовал. Не то.
koscheevo-tsarstvo/koschey-bessmertnyy_28qwa5em.mp3	Кощей Бессмертный		Память… Сказка, которую рассказывают… Пока сказку помнят — её герои живы. Даже я.
koscheevo-tsarstvo/koschey-bessmertnyy_2dlzt2pv.mp3	Кощей Бессмертный		Я наслал забудок, потому что боялся: забудут меня — и я исчезну. А вышло, что забыли всё.
koscheevo-tsarstvo/koschey-bessmertnyy_69acij6e.mp3	Кощей Бессмертный		Что ж, Сказитель. Решай, чем кончится моя сказка.
koscheevo-tsarstvo/koschey-bessmertnyy_5l9c9ntx.mp3	Кощей Бессмертный	без «Сказителя»	Что ж. Решай, чем кончится моя сказка.
koscheevo-tsarstvo/geroy_pmezqufu.mp3	герой (мысли)		Чем кончится сказка?
koscheevo-tsarstvo/skazitel_gmv1j5hp.mp3	Сказитель		Игла хрустнула. Кощей рассыпался серой пылью, и забудки разлетелись, как дым.
koscheevo-tsarstvo/skazitel_2163qdqo.mp3	Сказитель		Краски вернулись в Тридевятое царство. Только где-то в глубине сказки стало тихо: историю Кощея больше некому рассказать…
koscheevo-tsarstvo/skazitel_295c01lc.mp3	Сказитель		Ты вложил иглу в яйцо, яйцо — в утку, утку — в зайца, зайца — в сундук, а сундук повесил на дуб.
koscheevo-tsarstvo/skazitel_1tr8duzk.mp3	Сказитель		Кощей уснул на своём троне. Забудки ушли вслед за ним в сон. Царство свободно — до тех пор, пока кто-нибудь снова не забудет сказку…
koscheevo-tsarstvo/skazitel_64utpijt.mp3	Сказитель		Сказку о молодом царе, который так боялся умереть, что спрятал свою смерть на краю света — и разучился жить.
koscheevo-tsarstvo/koschey-bessmertnyy_d6gyldcs.mp3	Кощей Бессмертный		Я… помню. Меня звали… неважно. Важно, что теперь меня будут рассказывать. А значит, я буду жить — по-настоящему.
koscheevo-tsarstvo/koschey-bessmertnyy_1gk72vdq.mp3	Кощей Бессмертный		Забудки — это мой страх. Пусть станут тем, чем должны были быть: снами и сказками на ночь.
koscheevo-tsarstvo/geroy_25ehi7p6.mp3	герой (мысли)		Ворота заперты. Без иглы Кощея туда соваться нечего.
koscheevo-tsarstvo/koschey-bessmertnyy_1firrxee.mp3	Кощей Бессмертный		Расскажи мою сказку ещё кому-нибудь, ладно?
koscheevo-tsarstvo/koschey-bessmertnyy_zj7r5lle.mp3	Кощей Бессмертный		Ха-ха-ха! Явился, Сказитель! Думаешь, иголкой меня напугаешь? Я — Кощей Бессмертный!
koscheevo-tsarstvo/koschey-bessmertnyy_2893eavy.mp3	Кощей Бессмертный	без «Сказителя»	Ха-ха-ха! Явился! Думаешь, иголкой меня напугаешь? Я — Кощей Бессмертный!
koscheevo-tsarstvo/koschey-bessmertnyy_x5b7y9lo.mp3	Кощей Бессмертный		Это я наслал забудок. Пусть всё забудется — тогда никто не вспомнит и сказку о моей смерти!
koscheevo-tsarstvo/koschey-bessmertnyy_szym68tq.mp3	Кощей Бессмертный		Тени мои! Взять его!
koscheevo-tsarstvo/skazitel_5l0iplps.mp3	Сказитель		Лукоморье.
koscheevo-tsarstvo/skazitel_l58jjsjx.mp3	Сказитель		Распутье.
koscheevo-tsarstvo/skazitel_1iaaaksy.mp3	Сказитель		Жар-птица.
koscheevo-tsarstvo/skazitel_1onrjrgq.mp3	Сказитель		Смородина.
koscheevo-tsarstvo/skazitel_13envdx4.mp3	Сказитель		Навь.
koscheevo-tsarstvo/skazitel_1d82eqo4.mp3	Сказитель		Тридевятое.
koscheevo-tsarstvo/skazitel_1qr2t4h5.mp3	Сказитель		Весна.
koscheevo-tsarstvo/skazitel_2152aj1o.mp3	Сказитель		Правь.
koscheevo-tsarstvo/skazitel_fbccdm74.mp3	Сказитель		Явь.
koscheevo-tsarstvo/skazitel_irbr93hf.mp3	Сказитель		Буян.
koscheevo-tsarstvo/skazitel_uiqaltut.mp3	Сказитель		Ты сложил семь заветных слов в сказку и рассказал её Кощею.
ledyanye-gory/snegurochka_2dkyvstk.mp3	Снегурочка		Ой, путник! Как ты сюда дошёл — тут ведь всё замёрзло…
ledyanye-gory/snegurochka_1k116w7d.mp3	Снегурочка		Я Снегурочка, внучка Морозко. Дедушка мой всегда был строгий, но добрый: кто к нему с уважением — того одарит.
ledyanye-gory/snegurochka_1gwbmh2v.mp3	Снегурочка		А теперь забудки выстудили ему память. Он забыл, что он добрый, — и заморозил горы. И сокола ясного, Финиста, во льду у озера запер!
ledyanye-gory/snegurochka_pwyn7uvw.mp3	Снегурочка		Иди к дедушке, к ледяному терему. Только помни: тут лютый холод — грейся у костров!
ledyanye-gory/snegurochka_1pr7h121.mp3	Снегурочка		Дедушка в ледяном тереме, наверху. Он будет испытывать тебя — отвечай, как в сказке отвечала падчерица: кротко и с уважением.
ledyanye-gory/snegurochka_248mipta.mp3	Снегурочка		Финист во льду, на озере. Ледяные забудки его сторожат!
ledyanye-gory/snegurochka_wlofpnmx.mp3	Снегурочка		Финист свободен! Ой, спасибо! Спой со мной весеннюю песенку — пусть горы вспомнят, что за зимой всегда приходит весна.
ledyanye-gory/snegurochka_1o7sydrk.mp3	Снегурочка		Слышишь? Ручьи под снегом зажурчали! Держи заветное слово — Весна. Оно растопит любую стужу.
ledyanye-gory/snegurochka_1ptnlr7f.mp3	Снегурочка		А ещё дедушка в санях свои волшебные варежки обронил — без них он не может ни холод отогнать, ни тепло подарить. Их только Сказительским взглядом увидишь.
ledyanye-gory/snegurochka_jyobacud.mp3	Снегурочка		Варежки — у саней на западном склоне. Смотри Сказительским взглядом!
ledyanye-gory/snegurochka_iftjfj5v.mp3	Снегурочка		Весна придёт, а я — растаю? Нет, Сказитель: в сказке я каждую зиму возвращаюсь. Спасибо тебе!
ledyanye-gory/snegurochka_11exctu0.mp3	Снегурочка	без «Сказителя»	Весна придёт, а я — растаю? Нет: в сказке я каждую зиму возвращаюсь. Спасибо тебе!
ledyanye-gory/morozko_19efpuhg.mp3	Морозко		Кто тут? Уходи… Холодно…
ledyanye-gory/morozko_3hyy63s3.mp3	Морозко		Кто посмел прийти в мои горы? Я — Морозко! Я… я уж и не помню, зачем тут всё заморозил. Поглядим, каков ты.
ledyanye-gory/morozko_p6qvdwx0.mp3	Морозко		Тепло ли тебе, путник? Тепло ли тебе, красный?
ledyanye-gory/morozko_rpi215dh.mp3	Морозко		А теперь — тепло ли тебе?
ledyanye-gory/morozko_ze6jy5vd.mp3	Морозко		Тепло ли тебе, путник? Тепло ли, касатик?
ledyanye-gory/morozko_127x0aiu.mp3	Морозко		Ишь какой! Грубых я не жалую. А ну-ка ещё раз…
ledyanye-gory/morozko_1vxt274y.mp3	Морозко		Ох-хо… Тепло, батюшка… Так мне падчерица отвечала когда-то. Кроткая, добрая. Я ей сундук приданого подарил — помню!
ledyanye-gory/morozko_cxj5lhv6.mp3	Морозко		Значит, я… добрый? Добрый! Вспомнил! На, укутайся в мою шубу — теперь холод тебя меньше берёт.
ledyanye-gory/morozko_s882qg7v.mp3	Морозко		А Финиста-сокола я во льду запер, сам не знаю зачем. Лёд мой забудки сторожат — разбей его, а я уж не помешаю.
ledyanye-gory/morozko_2gr486wh.mp3	Морозко		Озеро — к востоку. Разбей лёд и освободи сокола!
ledyanye-gory/morozko_1dd1125u.mp3	Морозко		Внучка моя хотела с тобой спеть. Ступай к ней.
ledyanye-gory/morozko_21fag1tf.mp3	Морозко		Варежки мои потерялись… Без них я не могу ни холод отогнать, ни тепло вернуть. У саней, кажется, обронил.
ledyanye-gory/morozko_2s1fas1y.mp3	Морозко		Мои варежки! Ну, теперь держись, зима — пора и честь знать!
ledyanye-gory/morozko_1juuq1xw.mp3	Морозко		Возьми за это слово заветное — Правь. Это закон, по которому живёт всё на свете: зима сменяет осень, весна — зиму, а добро возвращается добром.
ledyanye-gory/morozko_dmfc4l8u.mp3	Морозко		Ступай, добрый молодец. Будешь мёрзнуть — вспомни: Тепло, батюшка! — и согреешься.
ledyanye-gory/finist-yasnyy-sokol_1cd71y4g.mp3	Финист — Ясный Сокол		Свобода! Я — Финист, Ясный Сокол. Меня заморозили, когда я летел за помощью для Тридевятого царства.
ledyanye-gory/finist-yasnyy-sokol_cswajk3l.mp3	Финист — Ясный Сокол		Ты — Сказитель? Тогда я с тобой! Я быстрый: рывок, двойной прыжок, а если держать прыжок — парю, как птица.
molochnye-reki/alyonushka_10nm55jj.mp3	Алёнушка		Ой, беда, беда! Наказывали мне батюшка с матушкой беречь братца Иванушку, а я заигралась…
molochnye-reki/alyonushka_162vqti8.mp3	Алёнушка		Налетели гуси-лебеди, подхватили Иванушку и унесли! А куда — не видала. Всё вокруг серое, забудки и речку, и берега заморочили.
molochnye-reki/alyonushka_2drsctls.mp3	Алёнушка		Помоги! Спроси у Печки, у Яблоньки, у Молочной речки — они всё видят. Только будь с ними вежлив: они не любят гордецов.
molochnye-reki/alyonushka_lwnt7dyd.mp3	Алёнушка		Помощники рассказали? Печка — у западной рощи, Яблонька — на востоке, а Речка — у родника.
molochnye-reki/alyonushka_120s4oix.mp3	Алёнушка		Гнездо на скале посреди озера? Туда только птица долетит… Или сокол ясный!
molochnye-reki/alyonushka_xznq3s7m.mp3	Алёнушка		Спасибо тебе, Сказитель! Теперь я с братца глаз не спущу.
molochnye-reki/alyonushka_tbmayu7e.mp3	Алёнушка	без «Сказителя»	Спасибо тебе! Теперь я с братца глаз не спущу.
molochnye-reki/geroy_kjnf9pts.mp3	герой (мысли)		Ишь, гордец! Ничего тебе не скажу.
molochnye-reki/molochnaya-rechka_1r5fn9zr.mp3	Молочная речка		Все трое тебе ответили — значит, сердце у тебя доброе. Вот тебе заветное слово — Явь. Так зовётся наш мир, живой и настоящий, где дети смеются, а реки текут молоком.
molochnye-reki/molochnaya-rechka_zz77b8ea.mp3	Молочная речка		А гуси унесли Иванушку в гнездо на высокой скале посреди озера. Ни пешком, ни вплавь туда не добраться — только по воздуху!
molochnye-reki/ivanushka_1vfua62l.mp3	Иванушка		Ой! Ты за мной? Гуси добрые, только кусачие…
molochnye-reki/geroy_vjuoyrwk.mp3	герой (мысли)		Держись крепче, Иванушка! Летим домой!
molochnye-reki/alyonushka_1b5t36qn.mp3	Алёнушка		Иванушка! Братец мой! Спасибо тебе, Сказитель! И Печке, и Яблоньке, и Речке спасибо!
molochnye-reki/alyonushka_18nut1jj.mp3	Алёнушка	без «Сказителя»	Иванушка! Братец мой! Спасибо тебе! И Печке, и Яблоньке, и Речке спасибо!
molochnye-reki/ivanushka_13160j3p.mp3	Иванушка		А гуси-лебеди мне сказали, что их Кощей заколдовал — забудками. Они не злые, просто всё забыли. Как все тут…
molochnye-reki/pechka_1o8gdvcq.mp3	Печка		Съешь моего ржаного пирожка — скажу, куда гуси полетели.
molochnye-reki/pechka_22k37bki.mp3	Печка		Гуси полетели к большому озеру, на юг. Я видела — с моего порога далеко видно!
molochnye-reki/yablonka_hhxp1cvz.mp3	Яблонька		Съешь моего лесного яблочка — скажу, куда гуси полетели.
molochnye-reki/yablonka_f3wfjdum.mp3	Яблонька		Гуси несли мальчика высоко-высоко — к той скале, что торчит посреди озера.
molochnye-reki/molochnaya-rechka_1v4d6urt.mp3	Молочная речка		Попей моего простого киселька с молочком — скажу, куда гуси полетели.
molochnye-reki/molochnaya-rechka_1cxmair9.mp3	Молочная речка		Гнездо их — на скале. С холма у мельницы, говорят, до неё можно долететь, если ты птица.
morskoe-tsarstvo/zolotaya-rybka_154xkg6i.mp3	Золотая рыбка		Спасибо, добрый Сказитель! Забудки сплели сеть из серых снов — а ты её разорвал.
morskoe-tsarstvo/zolotaya-rybka_1ee4hw7b.mp3	Золотая рыбка		Есть на берегу Лукоморья старик со старухой. Старик меня когда-то отпустил и ничего не взял. Передай ему: приплыву на зов.
morskoe-tsarstvo/rusalka_1ntkaz1r.mp3	Русалка		Вот оно — Морское царство! Видишь, какое серое… Раньше тут кораллы горели, как жар, а рыбы пели.
morskoe-tsarstvo/rusalka_2dyxu0qb.mp3	Русалка		Под водой держи Пробел — всплывёшь, отпусти — опустишься. Тут тепло, не бойся.
morskoe-tsarstvo/rusalka_142vd2nx_t.mp3	Русалка	телефон	Под водой держи Пробел — всплывёшь, отпусти — опустишься. Тут тепло, не бойся.
morskoe-tsarstvo/rusalka_vfeu0fwc.mp3	Русалка		Плыви за мной — к перламутровому дворцу Морского царя. Я покажу дорогу!
morskoe-tsarstvo/rusalka_gtu9unpf.mp3	Русалка		А в коралловом саду, на востоке, кто-то бьётся в сети… Помоги!
morskoe-tsarstvo/morskoy-tsar_1nekv8hw.mp3	Морской царь		Кто тут? Сухопутный? Ко мне во дворец?!
morskoe-tsarstvo/morskoy-tsar_4j0s39in.mp3	Морской царь		Скучно мне, Сказитель. Забыл я, как море поёт. Был у меня гусляр — Садко из Новгорода, да гусли его онемели.
morskoe-tsarstvo/morskoy-tsar_1leunsd7.mp3	Морской царь	без «Сказителя»	Скучно мне. Забыл я, как море поёт. Был у меня гусляр — Садко из Новгорода, да гусли его онемели.
morskoe-tsarstvo/morskoy-tsar_1ccq82kw.mp3	Морской царь		Спой мне — или ступай прочь!
morskoe-tsarstvo/morskoy-tsar_1hhda7sw.mp3	Морской царь		Где мои песни? Почини Садковы гусли — тогда поговорим.
morskoe-tsarstvo/morskoy-tsar_129lk7vf.mp3	Морской царь		Пока Рыба-кит спит поперёк моря, волны не пляшут. Разбуди его — разбей ракушки-забудки у него на спине! А от его вздохов — всплывай повыше.
morskoe-tsarstvo/morskoy-tsar_tr8z5mmw.mp3	Морской царь		Заходи в гости, Сказитель! Море помнит твою песню.
morskoe-tsarstvo/morskoy-tsar_1jtizyqk.mp3	Морской царь	без «Сказителя»	Заходи в гости! Море помнит твою песню.
morskoe-tsarstvo/sadko_2a9j24m9.mp3	Садко		Я Садко, гусляр новгородский. Гощу у Морского царя… да вот загостился. Поговори с царём — он у трона.
morskoe-tsarstvo/sadko_19u4iiko.mp3	Садко		Морскому царю играть надобно, а у гуслей три струны порвались — забудки утащили золотые нити!
morskoe-tsarstvo/sadko_dlrzg6ws.mp3	Садко		Одна — в тёмном гроте у медуз, на северо-западе. Другая — в сундуке на затонувшем корабле. А третья спряталась в водорослях на юго-востоке — её видно лишь Сказительским взглядом.
morskoe-tsarstvo/sadko_27wfn2j8.mp3	Садко		Все три струны! Натянем… Вот! Гусли звенят!
morskoe-tsarstvo/sadko_jeiel12c.mp3	Садко		Сыграем царю вместе? Я веду, а ты подхватывай: где нота у черты — бей по струне. Только не громко — у царя пляска бурная, наверху корабли качает.
morskoe-tsarstvo/sadko_1351wp0v.mp3	Садко		Сбились… Царь зевает. Ещё раз? Сыграю помедленнее.
morskoe-tsarstvo/sadko_1u76x6wn.mp3	Садко		Сбились… Царь зевает. Ещё раз?
morskoe-tsarstvo/morskoy-tsar_9u31f31z.mp3	Морской царь		Вспомнил! Вспомнил, как море поёт! Ай да Садко, ай да Сказитель!
morskoe-tsarstvo/morskoy-tsar_1pzwg7z3.mp3	Морской царь		Да только волны мои не пляшут: поперёк моря лежит Чудо-юдо Рыба-кит. Тридцать кораблей проглотил, забудками оброс — и всё забыл.
morskoe-tsarstvo/morskoy-tsar_jla2tzre.mp3	Морской царь		Разбей три ракушки-забудки у него на спине — он и проснётся. А как вздохнёт — всплывай повыше, чтоб волной не задело!
morskoe-tsarstvo/sadko_1vaeaz27.mp3	Садко		Домой, в Новгород! Буду петь про тебя на всех пирах, Сказитель.
morskoe-tsarstvo/sadko_1f35zlwz.mp3	Садко	без «Сказителя»	Домой, в Новгород! Буду петь про тебя на всех пирах.
morskoe-tsarstvo/sadko_1uz32m0p.mp3	Садко		Иди к Рыбе-киту, я тут подыграю для храбрости!
morskoe-tsarstvo/chudo-yudo-ryba-kit_8ymh1jyn.mp3	Чудо-юдо Рыба-кит		Ох-хо-хо… Что это? Вода светлая… Ракушки серые с меня спали — и в голове прояснилось!
morskoe-tsarstvo/chudo-yudo-ryba-kit_nsde75l9.mp3	Чудо-юдо Рыба-кит		Я ведь Чудо-юдо Рыба-кит. Это я тридцать кораблей проглотил… Забыл, зачем. Стыдно-то как!
morskoe-tsarstvo/chudo-yudo-ryba-kit_1sg1rj72.mp3	Чудо-юдо Рыба-кит		Плывите, кораблики, домой!
morskoe-tsarstvo/chudo-yudo-ryba-kit_1wpy3qp7.mp3	Чудо-юдо Рыба-кит		А тебе, Сказитель, — заветное слово. На краю моря есть остров. На нём камень Алатырь, бел-горюч, а за ним — все дороги сказок. Зовут тот остров — Буян.
morskoe-tsarstvo/chudo-yudo-ryba-kit_95kxknsk.mp3	Чудо-юдо Рыба-кит	без «Сказителя»	А тебе, — заветное слово. На краю моря есть остров. На нём камень Алатырь, бел-горюч, а за ним — все дороги сказок. Зовут тот остров — Буян.
morskoe-tsarstvo/morskoy-tsar_3ukf1912.mp3	Морской царь		Корабли плывут, волны пляшут, кит поёт! Проси, чего хочешь, Сказитель.
morskoe-tsarstvo/morskoy-tsar_1mkl96vl.mp3	Морской царь	без «Сказителя»	Корабли плывут, волны пляшут, кит поёт! Проси, чего хочешь.
morskoe-tsarstvo/morskoy-tsar_24sb51o4.mp3	Морской царь		Сундук жемчуга? Терем из янтаря? Или…
morskoe-tsarstvo/morskoy-tsar_9sdzkvuk.mp3	Морской царь		Ха! Жемчуга у тебя и так — целая Книга Сказов. А Садко я отпущу и без просьбы: ты меня научил, что гостей не держат силой.
morskoe-tsarstvo/morskoy-tsar_2bbrywqf.mp3	Морской царь		Доброе сердце: просишь не для себя. Отпускаю Садко!
morskoe-tsarstvo/morskoy-tsar_2rmw2o8p.mp3	Морской царь		А тебе — подарок со дна морского: фляга живой воды. Капля — и сил прибавится, а кто сиднем сидел — тот встанет.
morskoe-tsarstvo/morskoy-tsar_1bib6tq9.mp3	Морской царь		Говорят, на реке Смородине, у Калинова моста, богатырь тридцать лет и три года сиднем сидит… Не ему ли она нужна?
morskoe-tsarstvo/sadko_6daviv86.mp3	Садко		Спасибо, Сказитель! Поплыву домой — буду про тебя былину петь.
morskoe-tsarstvo/sadko_110d1r2t.mp3	Садко	без «Сказителя»	Спасибо! Поплыву домой — буду про тебя былину петь.
morskoe-tsarstvo/rusalka_26vlkk6r.mp3	Русалка		Плыви к Русалке — она проводит! Я рядом.
morskoe-tsarstvo/rusalka_2crwd8ep.mp3	Русалка		Плыви к дворцу Морского царя! Я рядом.
morskoe-tsarstvo/rusalka_11sz7rm2.mp3	Русалка		Плыви к Садко у трона! Я рядом.
morskoe-tsarstvo/rusalka_fqeojrie.mp3	Русалка		Плыви в тёмный грот — усыпи медуз-забудок! Я рядом.
morskoe-tsarstvo/rusalka_1xnbjgu9.mp3	Русалка		Плыви в грот — возьми струну! Я рядом.
morskoe-tsarstvo/rusalka_21ldfg14.mp3	Русалка		Плыви на затонувший корабль — разбей сундук! Я рядом.
morskoe-tsarstvo/rusalka_2er4juvb.mp3	Русалка		Плыви в водоросли — струну видно только взглядом! Я рядом.
morskoe-tsarstvo/rusalka_125jjsuo.mp3	Русалка		Плыви к Садко — играть на гуслях!! Я рядом.
morskoe-tsarstvo/rusalka_19ry292p.mp3	Русалка		Плыви на спину Рыбы-кита — разбей ракушки! Я рядом.
morskoe-tsarstvo/rusalka_1wdr57zb.mp3	Русалка		Плыви к Морскому царю за наградой! Я рядом.
morskoe-tsarstvo/rusalka_1dfph396.mp3	Русалка		Плыви в коралловый сад — помоги золотой рыбке! Я рядом.
morskoe-tsarstvo/rusalka_1f8ee2c6.mp3	Русалка		Плыви домой через арку — Тридевятое ждёт новых сказок! Я рядом.
morskoe-tsarstvo/rusalka_vzo8y4qn.mp3	Русалка		Плыви домой через арку — к Калинову мосту! Я рядом.
morskoe-tsarstvo/rusalka_286gxaaw.mp3	Русалка		Я рядом.
morskoe-tsarstvo/sadko_g2s0aig1.mp3	Садко		Струн у меня 0 из 3.
morskoe-tsarstvo/sadko_2av9je5l.mp3	Садко		Струн у меня 1 из 3.
morskoe-tsarstvo/sadko_10n70ljq.mp3	Садко		Струн у меня 2 из 3.
morskoe-tsarstvo/sadko_gdxxs00d.mp3	Садко		Струн у меня 3 из 3.
morskoe-tsarstvo/sadko_1v4cbem4.mp3	Садко		В гроте медузы…
morskoe-tsarstvo/sadko_amp0r010.mp3	Садко		Сундук на корабле крепкий — бей сильнее.
morskoe-tsarstvo/sadko_fgg0llqf.mp3	Садко		А в водорослях смотри взглядом.
